apartment_id,price_usd,total_area,living_area,kitchen_area,floor,floors_count,rooms_count,district,wall_type,latitude,longitude
34086914,350000,162.0,67.0,40.0,8,25,4,Зверинец,кирпич,50.40790633,30.55521974
34086845,50000,46.0,30.0,8.0,6,9,2,Соломенский,кирпич,50.44348312,30.41041023
34082011,54000,45.0,28.0,7.0,2,5,2,Сырец,кирпич,50.47722713,30.43632608
34086818,74500,74.5,41.8,8.2,6,15,3,Деснянский,кирпич,50.51772273,30.59443462
34086833,75000,45.0,28.0,8.0,8,16,2,Голосеевский,,50.36828804,30.45359633
34086296,210000,124.9,78.4,12.1,18,25,4,Подол,монолитно-каркасный,50.50283707537474,30.422004150053
34086794,79999,50.0,26.3,14.0,20,25,1,Дарницкий,монолит,50.41788484,30.63255247
34086791,105000,37.0,19.5,5.0,7,26,1,Дарницкий,кирпич,50.41309944,30.60000686
34086795,65000,47.0,24.8,7.0,6,9,2,Дарницкий,панель,50.42317138,30.67243312
34086792,74000,68.7,36.2,7.6,10,10,3,Дарницкий,панель,50.40751499,30.6315562
34086790,89000,69.8,36.8,9.0,6,9,3,Дарницкий,кирпич,50.42556401,30.67140605
34086789,80000,71.25,37.5,8.3,11,16,3,Дарницкий,панель,50.41142056,30.63445637
33947659,67000,38.6,17.9,8.5,15,16,1,Осокорки,панель,50.39274855,30.64092729
34086748,140000,82.2,45.5,12.1,12,16,3,Подольский,керамический блок,50.48492289,30.4148515
34086651,140000,52.3,21.6,14.5,23,36,1,Шулявка,кирпич,50.4481269,30.4789911
34086654,140000,52.3,21.6,14.5,23,36,1,Шулявка,кирпич,50.4481269,30.4789911
34086655,140000,52.3,21.6,14.5,23,36,1,Шулявка,кирпич,50.4481269,30.4789911
34086656,140000,52.3,21.6,14.5,23,36,1,Шулявка,кирпич,50.4481269,30.4789911
34086660,140000,52.3,21.6,14.5,23,36,1,Шулявка,кирпич,50.4481269,30.4789911
34086657,140000,52.3,21.6,14.5,23,36,1,Шулявка,кирпич,50.4481269,30.4789911
34086649,41000,28.0,21.0,4.0,3,5,1,Соцгород,панель,50.4497349,30.62678105
34086614,85000,55.0,15.0,24.0,6,10,1,Подольский,кирпич,50.48048466,30.53422528
34086603,155000,73.4,30.9,24.1,10,26,2,Кудрявец,монолитно-каркасный,50.46105627,30.49170805
34086578,54000,33.36,14.0,10.0,14,24,1,Подольский,керамический блок,50.48677775,30.41354863
34086604,155000,73.4,30.9,24.1,10,26,2,Кудрявец,монолитно-каркасный,50.46105627,30.49170805
34086607,155000,73.4,30.9,24.1,10,26,2,Кудрявец,монолитно-каркасный,50.46105627,30.49170805
34086605,155000,73.4,30.9,24.1,10,26,2,Кудрявец,монолитно-каркасный,50.46105627,30.49170805
34086606,155000,73.4,30.9,24.1,10,26,2,Кудрявец,монолитно-каркасный,50.46105627,30.49170805
34086574,80000,38.0,17.2,7.5,22,25,1,Позняки,керамзитобетон,50.40607234,30.6382279
28714816,108800,48.52,17.86,16.23,22,24,1,Подольский,газоблок,50.48607944,30.41352669
34086406,59800,45.05,19.33,11.25,4,25,1,Приорка,железобетон,50.51116021510552,30.467582620073017
34074113,68000,73.0,31.4,11.5,14,25,2,Дарницкий,,50.41077172,30.61655961
34085640,27000,36.0,15.0,12.0,3,4,1,Бортничи,монолитно-каркасный,50.38864968,30.6777027
34082924,990000,324.2,165.9,20.4,26,26,3,Оболонь,,50.49872119,30.49735311
34082808,27700,28.2,13.2,5.4,1,9,1,Борщаговка,кирпич,50.41792947,30.39744672
34082410,84000,31.8,16.9,8.2,6,10,1,Шулявка,кирпич,50.44822574,30.46405527
34085345,82000,39.5,18.5,11.0,7,16,1,Оболонь,панель,50.50840360146282,30.49733758034131
34086509,145000,78.0,41.1,30.0,17,22,2,Голосеевский,монолитно-кирпичный,50.38432278,30.45595308
34086285,47000,34.3,18.0,9.0,4,9,1,Вышгородский Массив,панель,50.50761084485268,30.45743390260222
34086423,70000,100.0,57.0,11.0,12,25,3,Деснянский,кирпич,50.53419189,30.5985898
33718026,135344,52.0,28.8,9.6,6,7,2,Липки,кирпич,50.44405134,30.54179019
33978681,68000,43.52,12.95,17.93,11,23,1,Подольский,монолитно-каркасный,50.50175728,30.41011074
34080805,129000,90.3,46.9,15.8,24,25,3,Воскресенка,керамический блок,50.47032378,30.6026677
34086313,84000,44.0,44.0,19.9,5,26,1,Березняки,кирпич,50.4214653,30.59520627
33620948,285000,168.0,95.0,18.0,7,18,4,Черная Гора,кирпич,50.41268644,30.5440181
34086367,37000,23.0,19.0,4.0,8,9,1,Куреневка,кирпич,50.48886522,30.46622913
34079618,135000,78.8,46.1,11.2,9,18,2,Теремки-2,газобетон,50.38990661,30.46517375
34086347,90000,85.2,44.9,15.8,5,7,2,Бортничи,,50.37982708,30.70578668
34086325,117600,84.0,44.2,15.6,1,4,3,Пуща-Водица,,50.523644,30.4477965
34086312,34000,27.0,14.2,5.0,6,9,1,Харьковский Массив,кирпич,50.40907015,30.66552191
34086301,77000,54.0,30.0,8.0,3,10,2,Караваевы Дачи,кирпич,50.44235318,30.43757596
34086293,98600,68.0,35.8,12.6,2,4,2,Пуща-Водица,,50.523644,30.4477965
34078894,50000,41.7,15.7,12.2,21,26,1,Совки,монолитно-кирпичный,50.41182886,30.47300111
34082300,89500,52.0,27.4,7.0,2,9,2,Оболонский,панель,50.51466868452434,30.50710386792096
34058553,198000,70.1,32.3,18.6,17,24,2,Черная Гора,кирпич,50.4110889,30.543127
34080442,120000,68.7,48.3,9.3,3,5,3,Новое строение,кирпич,50.43019428,30.51540617
34086259,140000,55.0,29.0,10.2,6,26,1,,кирпич,50.45919346,30.58169059
34080220,149500,62.7,29.6,13.8,16,16,2,Галаганы,монолит,50.45650496,30.4085348
34080222,149500,62.7,29.6,13.8,16,16,2,Галаганы,монолит,50.45650496,30.4085348
34086252,143000,54.0,28.4,10.0,6,26,1,Никольская Слободка,кирпич,50.45919346,30.58169059
34080216,149500,62.7,29.6,13.8,16,16,2,Галаганы,монолит,50.45650496,30.4085348
34080184,185000,50.6,18.3,18.2,11,23,1,Саперное Поле,монолит,50.4157520190293,30.530879940910157
34080186,185000,50.6,18.3,18.2,11,24,1,Саперное Поле,монолит,50.41580199,30.53069924
34080183,185000,50.6,18.3,18.2,11,24,1,Саперное Поле,монолит,50.41580199,30.53069924
34079062,85000,50.0,20.7,12.1,6,25,1,Никольская Слободка,кирпич,50.45957552,30.58360325
34080162,165000,65.8,24.0,12.9,17,27,1,Саперное Поле,кирпич,50.42321298,30.53765118
34080160,165000,65.8,24.0,12.9,17,27,1,Саперное Поле,кирпич,50.42321298,30.53765118
34080159,1650000,65.8,24.0,12.9,17,27,1,Саперное Поле,кирпич,50.42321298,30.53765118
34080157,165000,65.8,24.0,12.9,17,27,1,Саперное Поле,кирпич,50.42321298,30.53765118
34080161,165000,65.8,24.0,12.9,17,27,1,Саперное Поле,кирпич,50.42321298,30.53765118
34086225,46000,35.0,18.4,6.5,11,26,1,Троещина,,50.53216907,30.62241124
34080043,87000,73.1,48.4,7.4,1,9,3,Березняки,панель,50.42703299,30.6144299
34081137,72000,62.8,41.5,7.0,8,9,3,Соломянка,панель,50.43198492,30.48077106
34079679,550000,184.2,124.1,34.1,23,25,2,Новое строение,керамический блок,50.4229707,30.51700811
34081161,530000,119.1,48.1,10.6,8,9,3,Подольский,керамический кирпич,50.47936226,30.53362358
34079539,590000,171.5,77.3,62.6,15,18,3,Черная Гора,,50.41267226,30.54693863
34055187,128000,67.6,30.4,17.6,10,14,2,Святошинский,кирпич,50.49883773,30.35697209
33779179,65000,62.4,42.3,7.5,6,9,3,Лесной Массив,панель,50.487399,30.630142
33383775,46000,32.5,18.7,5.3,9,9,1,Березняки,панель,50.4309268,30.6133687
34079403,220000,93.8,47.4,18.7,3,9,2,Солдатская Слободка,газоблок,50.45221969,30.48923037
34059920,65000,45.0,20.1,12.9,14,26,1,Дарницкий,кирпич,50.40707081,30.6731255
34075571,150000,64.3,30.8,12.9,22,25,2,Теремки-1,газобетон,50.35734705,30.47859734
34086128,65000,62.4,32.8,12.0,15,26,2,,кирпич,50.44228553,30.63139477
34079278,200000,89.7,56.3,8.9,2,7,3,Старый Киев,кирпич,50.45273955,30.5253763
34086108,47000,42.0,22.0,9.0,3,4,2,Дарницкий,кирпич,50.36341615,30.67592236
34086106,60000,55.0,30.0,9.0,12,16,2,Дарницкий,кирпич,50.42398529,30.68729676
34086103,70000,42.0,22.1,12.0,3,11,1,Дарницкий,кирпич,50.4102539,30.63886909
34086105,49000,27.0,14.2,5.4,2,9,1,Дарницкий,панель,50.40944797,30.67344827
34086107,85000,38.0,20.0,17.0,17,25,1,Днепровский,монолит,50.40690442,30.67409649
34071707,81900,62.6,38.6,7.2,1,9,3,Печерск,керамзитобетон,50.4273175,30.53499463
34074945,47000,37.9,24.7,5.2,1,5,2,Соломенский,кирпич,50.43135984,30.45146017
34079171,160000,53.8,19.0,15.2,24,30,1,,,50.45006976,30.58640181
34086093,65000,43.0,18.0,9.0,18,25,1,Дарницкий,панель,50.4114866,30.61626066
34086117,990000,250.0,150.0,50.0,26,26,4,Оболонь,монолитно-блочный,50.49948868,30.49727503
34063819,60500,50.0,31.0,8.0,7,9,2,Нивки,панель,50.47619241,30.40243419
34080267,210000,85.4,39.6,8.1,24,25,3,Шулявка,монолитно-каркасный,50.45111231,30.47599851
34080219,149500,62.7,29.6,13.8,16,16,2,Галаганы,монолит,50.45650496,30.4085348
33212183,149500,62.7,29.6,13.8,16,16,2,,монолит,50.45650496,30.4085348
34080221,149500,62.7,29.6,13.8,16,16,2,Галаганы,монолит,50.45650496,30.4085348
34079099,452500,181.0,108.5,20.3,3,17,4,Печерск,кирпич,50.42643599,30.54287691
34077071,120000,68.7,48.3,9.3,3,5,3,Новое строение,кирпич,50.43027682,30.51571244
33870387,190000,95.0,53.1,10.8,4,4,3,Центр,кирпич,50.44902855,30.49814873
34078818,590000,135.3,77.0,16.6,14,15,3,Саперное Поле,кирпич,50.41999625,30.53004242
33589949,185000,50.6,18.3,18.2,11,23,1,,монолит,50.41580199,30.53069924
34080185,185000,50.6,18.3,18.2,11,23,1,Саперное Поле,монолит,50.415679418773294,30.530758168605672
34080182,185000,50.6,18.3,18.2,11,23,1,Саперное Поле,монолит,50.415831998304725,30.530826150178623
34072831,120000,68.7,48.3,9.3,3,5,3,Новое строение,кирпич,50.43027682,30.51571244
34080006,84000,74.0,29.6,14.3,14,22,2,Позняки,керамзитобетон,50.4182731,30.63686412
34086031,150000,44.0,14.0,26.0,8,18,1,Саперное Поле,кирпич,50.41786575,30.52823731
34086037,160000,72.0,44.0,12.6,3,3,2,Липки,кирпич,50.44083079,30.52299366
34085973,55000,45.0,17.6,8.3,15,16,1,Осокорки,панель,50.39586031,30.65213878
34084012,58500,52.85,19.05,15.2,24,25,1,Приорка,железобетон,50.51100164,30.46770984
34085995,75000,69.0,42.0,9.0,5,10,3,Троещина,панель,50.51124816,30.61961417
33885667,70000,43.52,12.95,17.93,7,13,1,Подольский,газобетон,50.49648964,30.42469001
33927768,75000,48.71,17.96,11.47,17,25,1,Мостицкий Массив,железобетон,50.49788389,30.42698461
34079706,35000,21.2,12.4,3.6,3,9,1,Харьковский Массив,кирпич,50.41037031,30.66214708
34079724,70000,36.6,17.5,8.8,7,17,1,Мостицкий Массив,панель,50.49728509,30.43698213
34079985,530000,119.1,48.1,10.6,8,9,3,Подольский,керамический кирпич,50.47936226,30.53362358
34079180,209000,112.5,51.5,16.0,16,18,3,Позняки,кирпич,50.40737312,30.61519331
34022597,138000,90.5,54.8,7.9,14,36,3,Центр,кирпич,50.4481269,30.4789911
34079602,950000,175.3,105.6,21.2,17,23,5,Позняки,керамический блок,50.40182566,30.61404883
34078671,175000,99.2,44.9,15.4,17,25,3,Никольская Слободка,кирпич,50.46003846,30.58095767
33708832,600000,211.0,133.3,52.1,16,16,4,Саперное Поле,кирпич,50.42509386409279,30.53411170228742
34078408,104990,104.1,43.5,11.7,23,24,3,Харьковский Массив,монолитно-каркасный,50.41306345,30.65331057
34007280,71000,70.5,37.4,13.1,24,25,2,Приорка,монолитно-кирпичный,50.51607443,30.45806612
34079282,335000,129.8,49.2,50.8,18,24,1,,газоблок,50.43043338,30.46345494
34079339,390000,159.0,94.2,7.5,5,17,4,Черная Гора,кирпич,50.4118681,30.54564221
34079335,480000,206.8,107.1,33.9,12,18,3,,керамический блок,50.45883837,30.48747364
34078449,50000,42.1,19.9,9.2,1,9,2,Подольский,кирпич,50.46810584,30.50125777
34078433,118000,42.3,18.9,10.8,15,26,1,Чоколовка,,50.42299317,30.4564079
34079244,198000,70.1,32.3,18.6,17,24,2,Печерск,монолитно-кирпичный,50.4110889,30.543127
34041462,66000,38.2,14.5,6.8,5,9,1,Днепровский,панель,50.45769504,30.59261986
34079089,600000,211.0,133.3,52.1,16,16,4,Саперное Поле,,50.4239762,30.53458897
34078753,550000,184.2,124.1,34.1,23,25,2,Печерск,керамический блок,50.4229707,30.51700811
34085908,53000,40.0,21.1,8.0,1,10,1,Дарницкий,панель,50.4160967,30.65553166
34078143,70500,70.2,36.2,14.5,10,22,2,Троещина,монолит,50.52961159,30.62559048
34078204,110000,70.7,39.8,9.2,24,26,2,Минский Массив,монолитно-каркасный,50.52593811,30.46210836
34078303,270000,117.3,58.1,14.9,10,10,3,Голосеев,монолитно-каркасный,50.38607542,30.47203206
34078765,452500,181.0,103.5,20.3,3,17,4,Печерск,кирпич,50.42643599,30.54287691
34085900,85000,43.0,18.0,12.0,2,9,1,Феофания,кирпич,50.34551177,30.47644464
34078487,175000,94.5,41.7,18.9,16,25,2,Голосеев,монолитно-кирпичный,50.39042298,30.47975119
34078773,248000,88.2,46.4,10.4,9,11,3,,,50.4621692,30.48910056
34040664,370000,168.7,103.4,17.8,17,21,5,Солдатская Слободка,кирпич,50.45624368083893,30.48673274530063
34078255,245000,117.0,60.0,14.5,9,23,3,Голосеев,,50.39199178,30.47983424
34078962,335000,166.2,68.8,0.0,5,11,3,Солдатская Слободка,кирпич,50.45245989,30.49004944
34078160,123000,63.7,44.5,6.5,3,9,3,Шевченковский,кирпич,50.46107058,30.42258209
34071761,130000,59.4,19.2,25.0,11,25,1,Шевченковский,кирпич,50.46105627,30.49170805
34078202,120000,52.7,16.0,20.0,23,25,1,Соломянка,кирпич,50.43313104,30.47524817
34078426,110000,55.5,28.5,10.0,2,7,2,Берковец,железобетон,50.49650339,30.36837673
34065759,109900,73.0,28.3,17.4,13,26,2,Позняки,кирпич,50.41451964,30.59855801
34053206,115000,81.5,42.5,8.3,20,26,3,Виноградарь,железобетон,50.50919365,30.43311342
34078164,335000,166.2,58.8,18.0,5,11,3,Солдатская Слободка,кирпич,50.45245989,30.49004944
34078166,119000,37.0,23.8,1.9,19,30,1,Черная Гора,,50.41148566,30.54447445
34081912,481650,169.0,92.0,23.0,7,22,4,Черная Гора,монолит,50.40997468,30.54469647
34078091,150000,49.0,18.2,9.1,11,23,1,Жуляны,,50.39172829,30.46712675
34078085,215000,70.4,35.7,19.9,12,22,2,,,50.42613543,30.51406653
34085861,83000,51.4,29.0,7.7,5,9,2,Оболонь,панель,50.5168282,30.51582702
34078044,115000,82.1,46.1,13.8,7,9,3,Татарка,,50.4621692,30.48910056
34078031,430000,177.9,93.6,55.3,5,5,3,,кирпич,50.44193511,30.52555044
34077952,195000,82.1,39.3,18.3,3,12,2,Оболонь,кирпич,50.49947711,30.51676791
34085840,160000,72.2,28.3,12.6,3,3,2,Липки,кирпич,50.44083079,30.52299366
34077941,345000,164.9,109.8,23.2,4,10,4,Оболонь,,50.5116309,30.50935024
34077874,245000,117.0,60.0,14.5,9,23,3,Голосеев,,50.39199178,30.47983424
34077772,198000,70.1,32.3,18.6,17,24,2,Черная Гора,,50.4110889,30.543127
34076780,330000,125.7,49.5,36.5,6,26,3,Саперное Поле,кирпич,50.42531296,30.53316041
34085401,395000,124.6,49.7,39.3,5,21,3,Саперное Поле,кирпич,50.420068,30.52671534
34085406,395000,124.6,49.7,39.3,5,21,3,Саперное Поле,кирпич,50.420068,30.52671534
34085403,395000,124.6,49.7,39.3,5,21,3,Саперное Поле,кирпич,50.420068,30.52671534
34085409,395000,124.6,49.7,39.3,5,21,3,Саперное Поле,кирпич,50.420068,30.52671534
34085407,395000,124.6,49.7,39.3,5,21,3,Саперное Поле,кирпич,50.420068,30.52671534
34064841,148000,82.3,46.9,11.4,3,10,3,Соцгород,газоблок,50.43633547,30.61838816
33898871,64000,55.2,42.7,6.0,3,5,3,Новая Дарница,кирпич,50.42813127,30.66046422
34076618,165000,91.2,64.1,8.7,4,4,3,Новое строение,кирпич,50.41679188,30.5228652
34076578,97000,43.5,15.7,13.1,5,25,1,Теремки-1,газобетон,50.36103576,30.44195836
34076486,198000,70.1,32.3,18.6,17,24,2,Черная Гора,,50.4110889,30.543127
33987503,165000,75.5,43.9,11.3,19,24,3,Саперная Слободка,,50.40238184,30.53221756
33582231,133000,94.1,51.0,15.4,12,25,3,Куреневка,пеноблок,50.49865885,30.46698426
34074465,81000,31.9,18.7,5.4,8,9,1,Шулявка,панель,50.44878727,30.47252654
34076186,250000,213.6,115.3,30.5,21,25,4,Дарницкий,монолитно-блочный,50.40781916,30.6227664
34076171,280000,175.5,164.3,11.2,6,6,4,Липки,кирпич,50.44219225,30.52935303
34085781,114000,44.0,14.0,18.0,4,26,1,Подольский,кирпич,50.49067342,30.41925648
34085779,114000,46.0,15.3,17.3,5,25,1,Виноградарь,монолитно-каркасный,50.50275459,30.42582174
34085774,113499,81.0,47.0,12.0,17,23,2,Позняки,кирпич,50.41699762,30.62474003
34085773,112000,45.8,16.3,15.0,20,25,1,Подольский,монолитно-каркасный,50.50612862,30.411698
34085772,110000,72.0,30.0,14.0,5,6,2,Мостицкий Массив,кирпич,50.4937522,30.42622639
34085769,110000,38.0,22.0,16.0,14,28,1,Дарницкий,керамический блок,50.41103526,30.60013985
34085768,109000,46.2,14.7,20.0,25,25,1,Виноградарь,газоблок,50.49901163,30.42036558
34085767,105000,60.0,30.0,18.35,4,15,2,Виноградарь,газоблок,50.49911384,30.42140618
34085764,105000,69.0,30.0,24.0,12,15,2,Виноградарь,газоблок,50.50013119,30.42185296
34085763,100000,66.9,33.4,13.5,4,16,2,Соцгород,кирпич,50.45518193,30.6224141
34085760,82000,95.0,50.0,17.6,1,9,5,Днепровский,кирпич,50.48791254,30.60972675
34085757,59000,45.0,26.0,8.0,8,9,2,Деснянский,кирпич,50.46871667,30.63120517
34085731,170000,72.8,30.3,26.6,6,9,2,Соцгород,кирпич,50.43536915,30.624039
34085722,84000,70.0,42.0,7.5,2,10,3,Харьковский Массив,панель,50.41388074,30.65390351
34085717,210000,125.0,50.0,41.0,18,25,3,Подольский,кирпич,50.50284378,30.42220497
34085719,89000,37.0,17.5,9.5,9,17,1,Подольский,кирпич,50.49752164,30.44217854
34085705,270000,80.0,43.0,15.0,4,4,3,Липки,кирпич,50.44136572,30.53231836
34085690,165000,50.99,20.01,13.16,9,25,2,,кирпич,50.45675134,30.49227245
34085707,29900,25.0,14.0,3.0,2,5,1,Сырец,кирпич,50.48082332,30.45295793
34085701,499000,146.5,85.1,13.9,3,23,3,Черная Гора,монолитно-кирпичный,50.4092972,30.5438913
34085702,499000,146.5,85.1,13.9,3,23,3,Черная Гора,монолитно-кирпичный,50.4092972,30.5438913
34085703,499000,146.5,85.1,13.9,3,23,3,Черная Гора,монолитно-кирпичный,50.4092972,30.5438913
34085706,499000,146.5,85.1,13.9,3,23,3,Черная Гора,монолитно-кирпичный,50.4092972,30.5438913
34085704,499000,146.5,85.1,13.9,3,23,3,Черная Гора,монолитно-кирпичный,50.4092972,30.5438913
34085699,113000,76.0,29.3,20.0,3,26,2,Дарницкий,кирпич,50.41355783,30.59678187
34085691,228000,87.0,44.0,15.0,3,6,3,Мостицкий Массив,кирпич,50.49664436,30.43471633
34085624,47000,37.0,19.5,7.0,5,14,1,Дарницкий,кирпич,50.42432674,30.68358085
34085625,48200,21.4,11.3,5.0,1,12,1,Дарницкий,монолит,50.404583,30.671219
34085626,65000,38.0,20.0,9.0,2,16,1,Дарницкий,панель,50.41708974,30.65964262
34085628,71997,36.6,19.3,13.0,21,30,1,Дарницкий,газоблок,50.40381646,30.67750244
34085627,75000,84.0,44.2,8.0,11,16,3,Дарницкий,панель,50.40534291,30.65607492
34076094,51000,39.3,14.3,10.4,6,26,1,Северно-Броварский Масив,кирпич,50.44228553,30.63139477
34085599,240000,96.0,44.0,17.0,5,17,2,Голосеевский,кирпич,50.43766006,30.4998081
34076161,270000,85.2,42.3,16.9,7,17,2,Черная Гора,монолитно-каркасный,50.41271195,30.54562625
34076163,270000,85.2,42.3,16.9,7,17,2,Черная Гора,монолитно-каркасный,50.41271195,30.54562625
34076164,270000,85.2,42.3,16.9,7,17,2,Черная Гора,монолитно-каркасный,50.41271195,30.54562625
34076165,270000,85.2,42.3,16.9,7,17,2,Черная Гора,монолитно-каркасный,50.41271195,30.54562625
34076168,270000,85.2,42.3,16.9,7,17,2,Черная Гора,монолитно-каркасный,50.41271195,30.54562625
34076167,270000,85.2,42.3,16.9,7,17,2,Черная Гора,монолитно-каркасный,50.41271195,30.54562625
34076146,69000,60.3,31.1,13.1,13,18,1,Святошинский,монолитно-блочный,50.47805991,30.33925843
34059032,1100000,151.0,86.0,25.0,4,11,4,Зверинец,монолитно-каркасный,50.40688874,30.55728781
34075568,57000,36.5,17.0,8.5,19,25,1,Осокорки,монолитно-каркасный,50.3904873,30.63167493
34085548,89000,75.0,42.0,9.5,10,10,3,Борщаговка,панель,50.40727398,30.39887547
34081739,68000,36.6,17.5,8.8,7,17,1,Мостицкий Массив,панель,50.49728509,30.43698213
34081409,195000,84.7,44.8,15.9,22,23,2,Голосеев,кирпич,50.39199178,30.47983424
34084251,49990,30.0,14.0,5.0,10,24,1,Подольский,керамический блок,50.48677775,30.41354863
34075464,220000,95.0,45.1,20.8,3,15,3,Виноградарь,газоблок,50.49700152,30.42481379
34004529,150000,135.1,35.4,52.5,24,25,2,Голосеевский,кирпич,50.39042298,30.47975119
34075307,115000,46.7,18.7,11.0,8,22,1,Шевченковский,керамический блок,50.4621692,30.48910056
34085562,170000,70.0,24.0,21.0,21,33,3,Дарницкий,монолит,50.39570242,30.60366292
34075544,52500,49.3,32.2,7.0,1,5,3,Отрадный,кирпич,50.42763903,30.4262935
34075314,58000,45.6,29.1,7.5,5,5,2,Голосеев,кирпич,50.39187967,30.49736026
34075257,180000,83.1,12.3,41.1,1,7,1,Новое строение,кирпич,50.43649922,30.51322765
34080843,200000,83.2,29.1,29.1,5,23,2,Шулявка,кирпич,50.45424533110889,30.4518301584215
34080697,49000,50.6,29.8,8.2,5,9,2,Святошинский,кирпич,50.43226581,30.35430553
34080733,90000,64.8,35.3,11.2,22,25,2,Батыева Гора,железобетон,50.37799466,30.54033966
34085477,73600,46.0,24.2,8.5,4,4,1,Авиагородок,,50.523644,30.4477965
34082909,150000,61.0,32.1,11.3,7,25,2,Осокорки,монолит,50.39590831,30.59974214
34080358,97000,36.6,22.5,5.0,8,16,1,Голосеев,панель,50.39356775350007,30.473350188493868
34080407,135000,78.3,47.8,7.5,1,9,3,Печерск,панель,50.4273175,30.53499463
34080352,250000,124.8,64.9,14.9,8,17,3,Печерск,кирпич,50.43135321,30.5492608
34073294,990000,128.1,52.5,34.2,13,31,3,Саперное Поле,монолитно-кирпичный,50.41982184,30.53335514
34073320,250000,127.4,76.5,15.8,9,25,3,Черепанова гора,,50.42409593,30.52162645
34085392,320000,55.0,28.0,14.0,4,16,2,Черная Гора,монолитно-блочный,50.4073335,30.54498971
34018955,128000,101.3,54.6,12.2,15,16,3,Позняки,панель,50.40502215,30.61744431
34085372,185000,78.0,40.0,20.0,7,10,2,Подол,кирпич,50.47055021,30.51370482
34075267,549000,184.2,124.1,34.1,23,25,2,Новое строение,керамический блок,50.4229707,30.51700811
34075340,700000,193.5,105.5,18.6,25,30,3,Печерский,кирпич,50.40883907,30.54493185
34085375,75000,86.0,42.0,8.0,10,16,3,Троещина,монолитно-каркасный,50.49890047,30.57809703
34075338,235000,81.3,35.0,15.8,6,12,2,Голосеевский,кирпич,50.42365749,30.51654266
32672210,395000,124.6,49.7,39.3,5,21,3,Саперное Поле,кирпич,50.420068,30.52671534
34075331,600000,126.9,86.0,30.0,14,19,4,Центр,керамический блок,50.45200542,30.50365904
33488275,173280,144.4,76.1,26.7,25,26,1,Никольская Слободка,монолитно-каркасный,50.46069937,30.58029694
29377425,168988,101.8,53.6,18.8,3,26,3,Никольская Слободка,монолитно-каркасный,50.46069937,30.58029694
32734210,168245,146.3,77.1,27.1,25,26,1,Никольская Слободка,монолитно-каркасный,50.46069937,30.58029694
29377427,179900,102.8,54.1,19.0,4,26,3,Никольская Слободка,монолитно-каркасный,50.46069937,30.58029694
29377434,152360,117.2,61.7,21.7,3,26,2,Никольская Слободка,монолитно-каркасный,50.46069937,30.58029694
34085341,125000,77.0,35.0,25.0,8,26,2,Днепровский,кирпич,50.46844466,30.61024368
34085331,78000,46.0,32.0,6.7,3,9,1,Шевченковский,кирпич,50.45037977,30.47364047
34085308,230000,61.0,26.0,16.0,21,26,2,Оболонь,кирпич,50.51360359,30.50029544
34072293,89000,44.55,28.7,6.6,3,9,2,Черепанова гора,кирпич,50.4348773,30.52924421
34072282,430000,94.0,40.0,32.1,3,15,2,Саперное Поле,монолитно-каркасный,50.41914144590149,30.53110229495968
34072284,430000,94.0,40.0,32.1,3,15,2,Саперное Поле,монолитно-каркасный,50.41914831204926,30.531019149121704
34072283,430000,94.0,40.0,32.1,3,15,2,Саперное Поле,монолитно-каркасный,50.419151295020754,30.530924609155733
34072286,430000,94.0,40.0,32.1,3,15,2,Саперное Поле,монолитно-каркасный,50.41921006028829,30.53108459198916
34072288,430000,94.0,40.0,32.1,3,15,2,Саперное Поле,монолитно-каркасный,50.419131728350266,30.53112078208028
34072272,430000,94.0,40.0,32.1,3,15,2,Саперное Поле,монолитно-каркасный,50.4190288536891,30.53089936417942
34072238,90000,83.3,44.1,8.2,3,16,3,Радужный Массив,панель,50.49146309,30.58599839
34018667,51000,30.0,16.0,7.0,5,5,1,Чоколовка,кирпич,50.4222161,30.45242001
34072254,270000,117.3,58.1,14.9,10,10,3,Голосеев,монолитно-каркасный,50.38607542,30.47203206
34072253,89000,72.0,36.6,10.6,2,3,2,Соцгород,кирпич,50.45454908,30.61409162
34072222,400000,158.4,56.7,14.9,24,25,3,Соломянка,кирпич,50.43158688,30.47726231
34085245,88000,41.0,20.0,8.0,1,9,1,Кудрявец,кирпич,50.45385693,30.50342835
34078662,116700,46.0,12.0,20.0,24,25,1,Виноградарь,газоблок,50.50007899,30.42089114
34075259,2500000,342.8,197.5,58.1,8,8,5,Печерск,кирпич,50.44200887,30.5477326
34076963,259000,128.6,71.7,21.3,13,27,3,Саперное Поле,монолитно-каркасный,50.42321298,30.53765118
34080268,210000,85.4,39.6,8.1,24,25,3,Шулявка,монолитно-каркасный,50.45111231,30.47599851
34080270,210000,85.4,39.6,8.1,24,25,3,Шулявка,монолитно-каркасный,50.45111231,30.47599851
34080266,210000,85.4,39.6,8.1,24,25,3,Шулявка,монолитно-каркасный,50.45111231,30.47599851
34080269,210000,85.4,39.6,8.1,24,25,3,Шулявка,монолитно-каркасный,50.45111231,30.47599851
34080271,210000,85.4,39.6,8.1,24,25,3,Шулявка,монолитно-каркасный,50.45111231,30.47599851
34080250,76000,58.9,25.0,13.6,19,35,1,Днепровский,газоблок,50.43180594,30.6348661
34072360,89900,67.6,43.5,7.7,3,12,3,Виноградарь,панель,50.51155391,30.41854965
34072109,100000,66.9,33.4,13.5,4,16,2,Соцгород,кирпич,50.45518193,30.6224141
34073579,225000,98.6,57.9,12.2,13,25,3,Соломянка,,50.43101351,30.47787765
34081144,98000,56.2,29.6,8.8,11,25,2,Позняки,кирпич,50.40967745,30.6125238
34074460,990000,128.1,52.2,34.2,13,31,3,Саперное Поле,кирпич,50.41982184,30.53335514
34074410,220000,130.7,51.8,20.6,4,25,2,Соломянка,кирпич,50.43057758,30.48321154
34072064,116000,34.6,16.2,8.4,13,16,1,Паньковщина,кирпич,50.43741256,30.50578363
34072030,155000,78.2,38.3,15.8,23,26,2,Саперное Поле,монолитно-каркасный,50.42125572731763,30.52636618325198
34074369,1600000,221.1,114.8,17.3,6,15,5,Печерск,монолитно-каркасный,50.41910954,30.53114085
34072032,155000,78.2,38.3,15.8,23,26,2,Саперное Поле,монолитно-каркасный,50.421360429252985,30.526254454507608
34072033,155000,78.2,38.3,15.8,23,26,2,Саперное Поле,монолитно-каркасный,50.42112952,30.52632844
34072035,155000,78.0,38.3,15.8,23,26,2,Саперное Поле,монолитно-каркасный,50.42138903033074,30.526277805883357
34073596,135000,78.3,43.0,12.7,8,23,2,Голосеевский,,50.39199178,30.47983424
34072037,155000,78.2,38.3,15.8,23,26,2,Саперное Поле,монолитно-каркасный,50.42112952,30.52632844
34072020,155000,78.2,38.3,15.8,23,26,2,Саперное Поле,монолитно-каркасный,50.42112952,30.52632844
34074288,400000,97.7,46.6,25.4,3,25,3,Дарницкий,монолитно-каркасный,50.39729683,30.5996724
34083930,86000,58.6,30.9,9.0,2,16,2,Мостицкий Массив,панель,50.50289680063168,30.43526606359373
34082506,70000,58.0,32.0,8.0,3,9,2,Троещина,панель,50.50337961,30.60162921
34071987,43000,32.5,18.8,5.4,8,9,1,Нивки,панель,50.47619241,30.40243419
34073330,198000,70.1,32.3,18.6,17,24,2,Черная Гора,монолитно-кирпичный,50.4110889,30.543127
34078535,159000,61.0,34.0,19.0,8,16,2,Виноградарь,монолитно-каркасный,50.49789327033128,30.42476923668028
34073299,62000,39.2,17.6,11.5,24,26,1,Новобеличи,монолитно-каркасный,50.47788615,30.33819144
34085120,25000,18.0,11.3,6.0,2,4,1,Беличи,газоблок,50.464712,30.34117643
34082844,270000,125.0,55.0,32.5,25,26,3,Александровская Слободка,пеноблок,50.42303346,30.47917487
34058854,520000,130.5,85.5,16.0,15,25,3,Саперное Поле,газоблок,50.42725842,30.53042642
34074297,550000,184.2,124.1,34.1,23,25,2,Новое строение,керамический блок,50.4229707,30.51700811
34085091,25000,30.0,17.0,4.0,4,5,2,Соцгород,кирпич,50.45501075,30.62138782
34067418,65900,72.0,42.0,8.0,9,10,3,Позняки,кирпич,50.40889101,30.64564354
34073559,78000,84.2,58.8,8.0,14,16,4,Днепровский,газоблок,50.44150704,30.64154154
34073131,138000,73.6,40.8,10.4,4,4,2,Черепанова гора,кирпич,50.43920383,30.51724618
34073083,56000,60.34,44.1,6.7,2,5,3,Борщаговка,панель,50.43437749,30.38550063
34085023,170000,70.0,24.0,21.0,21,33,3,Дарницкий,монолитно-кирпичный,50.39570242,30.60366292
34085042,578000,105.0,62.4,12.8,13,24,3,Голосеевский,кирпич,50.43369063,30.51317082
34084973,170000,68.7,45.1,19.4,21,25,2,Дарницкий,монолитно-каркасный,50.39570242,30.60366292
34085038,118000,41.0,26.0,15.0,11,21,1,Голосеевский,,50.39550051,30.47400017
34084951,110000,49.1,28.5,24.5,11,25,2,Отрадный,монолитно-каркасный,50.44590702,30.42547767
34085033,185000,94.5,49.1,12.9,8,24,2,Осокорки,,50.40536976,30.63186233
34085030,300000,90.5,54.7,8.0,14,36,3,Шевченковский,,50.44773796,30.48063879
34078642,270000,100.9,54.3,13.9,2,24,3,Саперное Поле,монолит,50.42077098,30.53251533
34085019,119000,41.0,24.0,11.0,2,16,1,Жуляны,,50.39550051,30.47400017
34085017,250000,86.0,48.0,23.0,14,25,2,Позняки,керамзитобетон,50.39762601,30.61217767
34074209,270000,100.9,54.3,13.9,2,24,3,Саперное Поле,монолит,50.42077098,30.53251533
34085016,123000,73.3,32.3,21.4,24,25,2,,,50.35757355,30.47781056
34085015,360000,157.2,104.0,49.6,16,16,5,Шулявка,,50.45573372,30.4093795
34085008,230000,85.8,42.7,14.4,17,26,2,Татарка,кирпич,50.46344792,30.50318306
34084967,67000,46.0,31.0,7.0,8,9,2,Демеевка,панель,50.44117748,30.51946224
34085004,195000,66.0,44.0,11.0,8,16,1,Голосеевский,,50.40617849,30.50961636
34085003,162000,55.0,30.0,14.0,5,9,1,Подольский,керамический кирпич,50.47936226,30.53362358
34084999,982428,107.0,80.0,20.0,4,14,2,Липки,кирпич,50.44426736,30.52432201
34084996,450000,138.8,80.7,14.4,14,23,4,Демеевка,,50.40156703,30.51168037
34075330,570000,163.6,100.8,18.3,2,14,4,Саперное Поле,,50.4175254,30.52994337
34076414,570000,163.6,100.8,18.3,2,14,4,Саперное Поле,монолит,50.4175254,30.52994337
34084992,290000,163.6,100.0,60.0,19,25,3,Дарницкий,,50.40536976,30.63186233
34077581,570000,163.6,100.8,18.3,2,14,4,Саперное Поле,,50.4175254,30.52994337
34077823,570000,163.6,100.8,18.3,2,14,4,Саперное Поле,,50.4175254,30.52994337
34084989,150000,48.0,30.0,6.0,4,5,2,Центр,кирпич,50.4478985,30.51794914
34084988,150000,48.0,30.0,6.0,4,5,2,Центр,кирпич,50.4478985,30.51794914
34079678,570000,163.6,100.8,18.3,2,14,4,Саперное Поле,монолитно-каркасный,50.4175254,30.52994337
34083474,150000,48.0,30.0,6.0,4,5,2,Центр,кирпич,50.4478985,30.51794914
34079978,520000,163.6,100.8,18.3,2,14,4,Саперное Поле,кирпич,50.4175254,30.52994337
34079977,570000,163.6,100.8,18.3,2,14,4,Саперное Поле,кирпич,50.4175254,30.52994337
34080588,570000,163.6,100.8,18.3,2,14,4,Саперное Поле,монолитно-каркасный,50.4175254,30.52994337
34080920,570000,163.6,100.8,18.3,2,14,4,Саперное Поле,кирпич,50.4175254,30.52994337
34074217,570000,163.6,100.8,18.3,2,14,4,Саперное Поле,кирпич,50.4175254,30.52994337
34074136,570000,163.6,100.8,18.3,2,14,4,Саперное Поле,кирпич,50.4175254,30.52994337
34074168,1600000,221.1,114.8,17.3,6,15,5,Саперное Поле,монолитно-каркасный,50.41910954,30.53114085
34071486,475000,83.7,39.5,14.5,9,30,2,Черная Гора,кирпич,50.40883907,30.54493185
34080806,87000,73.1,48.4,7.4,1,9,3,,панель,50.42703299,30.6144299
34084900,170000,70.0,24.0,21.0,21,33,3,Дарницкий,,50.39570242,30.60366292
34084878,115000,63.0,33.2,11.7,15,17,2,,панель,50.49670614,30.44204239
34071358,408975,233.7,123.0,15.2,15,16,1,Оболонь,кирпич,50.50080751217661,30.49918845217689
34071352,408975,233.7,123.0,15.2,15,16,1,Оболонь,кирпич,50.50084870912042,30.499163096182315
34071369,408975,233.7,123.0,15.2,15,16,1,Оболонь,кирпич,50.50085389103694,30.499127787814587
34071364,408975,233.7,123.0,15.2,15,16,1,Оболонь,кирпич,50.50085649375282,30.49920510745531
34072966,61000,45.95,29.7,6.2,5,5,2,Нивки,кирпич,50.45901648,30.4017671
34071372,408975,233.7,123.0,15.2,15,16,1,Оболонь,кирпич,50.50084645109189,30.49918291831426
34071370,408975,233.7,123.0,15.2,15,16,1,Оболонь,кирпич,50.50079496,30.49918838
34084879,45000,44.8,27.4,6.0,1,5,2,Шевченковский,кирпич,50.48028252,30.45112124
34084892,124900,60.0,35.0,8.0,3,4,2,Печерск,кирпич,50.42218214,30.54700553
34073725,75000,51.0,19.7,13.5,4,20,1,Нивки,кирпич,50.47090263,30.40660406
34071312,365000,121.5,70.7,18.3,7,7,3,Липки,кирпич,50.44616517,30.52227062
34084867,170000,70.0,24.0,21.0,21,33,3,Дарницкий,монолит,50.39570242,30.60366292
34071242,300825,171.7,72.5,16.5,15,16,1,Оболонь,кирпич,50.50079496,30.49918838
34083940,110000,60.0,20.0,25.0,5,17,2,Мостицкий Массив,панель,50.49670614,30.44204239
34071250,300825,171.7,72.5,16.5,15,16,1,Оболонь,кирпич,50.50079496,30.49918838
34071255,300825,171.7,72.5,16.5,15,16,1,Оболонь,кирпич,50.50079496,30.49918838
34071258,300825,171.7,72.5,16.5,15,16,1,Оболонь,кирпич,50.50079496,30.49918838
34071271,300825,171.7,72.5,16.5,15,16,1,Оболонь,кирпич,50.50079496,30.49918838
34072337,429000,133.7,85.5,24.0,6,26,4,Зверинец,кирпич,50.40519616,30.55267483
34072332,429000,133.7,85.5,24.0,6,26,4,Зверинец,кирпич,50.40519616,30.55267483
34072338,429000,133.7,85.5,24.0,6,26,4,Зверинец,кирпич,50.40519616,30.55267483
34072333,429000,133.7,85.5,24.0,6,26,4,Зверинец,кирпич,50.40519616,30.55267483
34072340,429000,133.7,85.5,24.0,6,26,4,Зверинец,кирпич,50.40519616,30.55267483
34072335,429000,133.7,85.5,24.0,6,26,4,Зверинец,кирпич,50.40519616,30.55267483
34072319,230000,93.2,50.1,13.3,10,13,3,Паньковщина,кирпич,50.43788752,30.50128741
34072318,230000,93.2,50.1,13.3,10,13,3,Паньковщина,кирпич,50.43788752,30.50128741
34072317,230000,93.2,50.1,13.3,10,13,3,Паньковщина,кирпич,50.43788752,30.50128741
34072315,230000,93.2,50.1,13.3,10,13,3,Паньковщина,кирпич,50.43788752,30.50128741
34072321,230000,93.2,50.1,13.3,10,13,3,Паньковщина,кирпич,50.43788752,30.50128741
34072306,328000,97.7,38.2,24.8,16,30,2,Черная Гора,кирпич,50.41148566,30.54447445
34072304,328000,97.7,38.2,24.8,16,30,2,Черная Гора,кирпич,50.41148566,30.54447445
34072303,328000,97.7,38.2,24.8,16,30,2,Черная Гора,кирпич,50.41148566,30.54447445
34072302,328000,97.7,38.2,24.8,16,30,2,Черная Гора,кирпич,50.41148566,30.54447445
34072299,328000,97.7,38.2,24.8,16,30,2,Черная Гора,кирпич,50.41148566,30.54447445
34072305,328000,97.7,38.2,24.8,16,30,2,Черная Гора,кирпич,50.41148566,30.54447445
34063660,85000,64.9,39.6,7.4,4,9,3,Березняки,панель,50.42378728,30.60233617
34071262,300825,171.7,72.5,16.5,15,16,1,Оболонь,кирпич,50.50079496,30.49918838
34084799,90000,43.0,18.0,10.0,12,16,1,Оболонь,кирпич,50.51286372,30.48961323
34084318,98000,56.2,29.6,8.8,11,25,2,Позняки,монолитно-каркасный,50.40967745,30.6125238
34084790,115000,70.0,36.9,14.0,14,25,2,Днепровский,кирпич,50.41790324,30.65620283
34084789,97000,51.2,20.0,14.0,18,26,1,Дарницкий,кирпич,50.40193239,30.64980234
34084787,97000,78.0,41.1,19.0,5,12,2,Дарницкий,монолит,50.40122657,30.63955096
34084788,120000,96.0,32.0,32.0,1,14,2,Дарницкий,кирпич,50.41787669,30.68032896
34071263,170000,88.6,67.6,7.8,7,7,4,Центр,кирпич,50.44664461,30.49586739
34082514,275000,90.0,20.0,40.0,12,24,1,Паньковщина,монолитно-кирпичный,50.43846866,30.5006622
34069915,160000,61.8,34.0,9.8,5,6,2,Центр,кирпич,50.45653614,30.49533212
34071240,115000,83.5,46.9,8.2,10,25,3,Позняки,монолитно-каркасный,50.41112178,30.61391131
34071979,290000,106.3,61.0,15.1,6,11,3,Липки,кирпич,50.44219916,30.5365789
34068982,79900,63.3,35.5,11.8,16,18,2,Позняки,керамзитобетон,50.41771024,30.63627617
33981596,66000,51.7,30.9,8.0,10,10,2,Соломенский,панель,50.43997773,30.4371798
34070168,255000,158.8,74.7,20.3,5,25,3,Черепанова гора,монолитно-кирпичный,50.43010479,30.52196136
34084756,982428,107.0,80.0,20.0,4,14,2,Липки,кирпич,50.44426736,30.52432201
34084755,982428,107.0,80.0,20.0,4,14,2,Липки,кирпич,50.44426736,30.52432201
34069468,149000,82.0,49.8,12.0,1,16,3,Святошино,монолитно-каркасный,50.44590449,30.381178
34084742,450000,138.8,80.7,14.4,14,23,4,Демеевка,,50.40156703,30.51168037
34084743,450000,138.8,80.7,14.4,14,23,4,Демеевка,,50.40156703,30.51168037
34084740,162000,55.0,30.0,14.0,5,9,1,Подольский,керамический кирпич,50.47936226,30.53362358
34084741,162000,55.0,30.0,14.0,5,9,1,Подольский,керамический кирпич,50.47936226,30.53362358
34071149,950000,175.3,105.6,21.2,17,23,5,Позняки,керамический блок,50.40182566,30.61404883
34084646,115000,79.8,41.0,16.5,19,26,3,Совки,монолит,50.41182886,30.47300111
34071890,590000,171.5,77.3,62.6,15,18,3,Черная Гора,монолитно-каркасный,50.41267226,30.54693863
34071878,900000,357.9,197.8,17.6,12,13,6,Липки,кирпич,50.44322335,30.5231545
34069400,199999,88.2,58.7,7.3,4,4,2,Татарка,кирпич,50.46982685,30.49100924
34069475,65000,31.9,24.5,10.0,12,13,2,Соломенский,железобетон,50.44964424,30.42125257
34053029,45000,31.8,14.7,6.4,1,9,1,Борщаговка,панель,50.42913288,30.37872313
34069764,51500,37.4,20.3,8.9,6,9,1,Шулявка,кирпич,50.46199133,30.43903199
34069819,89000,62.0,46.3,6.9,7,10,3,Саперное Поле,панель,50.41206417,30.52679837
34084581,58000,45.0,17.0,12.0,15,25,1,Приорка,керамзитобетон,50.51069997,30.46646556
33238525,42382,40.29,21.2,7.5,20,26,1,Воскресенка,монолитно-каркасный,50.49133146,30.5889634
33238524,43318,41.18,21.7,7.6,20,26,1,Воскресенка,монолитно-каркасный,50.49133146,30.5889634
33238526,41845,39.78,21.0,7.4,20,26,1,Воскресенка,монолитно-каркасный,50.49133146,30.5889634
33238512,62516,59.43,31.3,11.0,20,26,2,Воскресенка,монолитно-каркасный,50.49133146,30.5889634
33238523,38100,36.22,19.1,6.7,20,26,1,Воскресенка,монолитно-каркасный,50.49133146,30.5889634
33238528,34787,33.07,17.4,6.1,20,26,1,Воскресенка,монолитно-каркасный,50.49133146,30.5889634
33238522,40541,38.54,20.3,7.1,20,26,1,Воскресенка,монолитно-каркасный,50.49133146,30.5889634
33238529,36491,34.69,18.3,6.4,20,26,1,Воскресенка,монолитно-каркасный,50.49133146,30.5889634
33238527,31515,29.96,15.8,5.5,20,26,1,Воскресенка,монолитно-каркасный,50.49133146,30.5889634
33238520,36491,34.69,18.3,6.4,17,26,1,Воскресенка,монолитно-каркасный,50.49133146,30.5889634
33238519,43318,41.18,21.7,7.6,17,26,1,Воскресенка,монолитно-каркасный,50.49133146,30.5889634
33238516,48609,46.21,24.3,8.6,20,26,1,Воскресенка,монолитно-каркасный,50.49133146,30.5889634
33238514,60359,57.38,30.2,10.6,20,26,2,Воскресенка,монолитно-каркасный,50.49133146,30.5889634
33238517,40541,38.54,20.3,7.1,17,26,1,Воскресенка,монолитно-каркасный,50.49133146,30.5889634
33238530,36933,35.11,18.5,6.5,20,26,1,Воскресенка,монолитно-каркасный,50.49133146,30.5889634
33238518,42382,40.29,21.2,7.5,17,26,1,Воскресенка,монолитно-каркасный,50.49133146,30.5889634
34069773,400000,158.4,56.7,14.9,24,25,3,Соломянка,кирпич,50.43158688,30.47726231
34058037,67900,69.6,41.9,7.5,6,10,3,Троещина,панель,50.52569363,30.61027589
34069645,53000,40.2,19.0,8.0,1,10,1,Харьковский Массив,панель,50.4160967,30.65553166
34068646,150000,92.7,52.8,13.4,10,17,3,Галаганы,кирпич,50.45516435,30.4088804
34084555,235000,100.1,45.0,28.1,8,20,3,Липки,,50.4258159,30.54245245
34084553,235000,100.1,45.0,28.1,8,20,3,Липки,,50.4258159,30.54245245
34084554,235000,100.1,45.0,28.1,8,20,3,Липки,,50.4258159,30.54245245
34084552,235000,100.1,45.0,28.1,8,20,3,Липки,,50.4258159,30.54245245
34084550,235000,100.1,45.0,28.1,8,20,3,Липки,,50.4258159,30.54245245
34084551,235000,100.1,45.0,28.1,8,20,3,Липки,,50.4258159,30.54245245
34084532,46000,32.0,14.0,6.0,5,9,1,Александровская Слободка,кирпич,50.42292676,30.47090956
34069638,549000,184.2,124.1,34.1,23,25,2,Новое строение,керамический блок,50.4229707,30.51700811
34071580,180000,69.0,19.4,24.2,5,24,1,Демеевка,кирпич,50.40016602,30.51205956
34069580,499000,146.5,85.1,13.9,3,23,3,Черная Гора,монолитно-кирпичный,50.4092972,30.5438913
30410544,138000,50.0,25.0,15.0,1,8,2,Печерск,кирпич,50.44943066,30.5299076
34069397,79999,68.4,42.2,8.5,12,16,3,Минский Массив,керамзитобетон,50.51425255,30.46530911
34084504,65000,75.2,41.0,8.0,6,14,3,Троещина,панель,50.51870387,30.61695757
34084494,250000,86.0,48.0,23.0,14,25,2,Позняки,керамзитобетон,50.39762601,30.61217767
34084496,250000,86.0,48.0,23.0,14,25,2,Позняки,керамзитобетон,50.39762601,30.61217767
34084495,250000,86.0,48.0,23.0,14,25,2,Позняки,керамзитобетон,50.39762601,30.61217767
34084490,250000,86.0,48.0,23.0,14,25,2,Позняки,керамзитобетон,50.39762601,30.61217767
34084492,250000,86.0,48.0,23.0,14,25,2,Позняки,керамзитобетон,50.39762601,30.61217767
34084493,250000,86.0,48.0,23.0,14,25,2,Позняки,керамзитобетон,50.39762601,30.61217767
34084457,185000,94.5,49.1,12.9,8,24,2,Осокорки,,50.40536976,30.63186233
34084456,185000,94.5,49.1,12.9,8,24,2,Осокорки,,50.40536976,30.63186233
34084455,185000,94.5,49.1,12.9,8,24,2,Осокорки,,50.40536976,30.63186233
34084454,185000,94.5,49.1,12.9,8,24,2,Осокорки,,50.40536976,30.63186233
34084453,185000,94.5,49.1,12.9,8,24,2,Осокорки,,50.40536976,30.63186233
34084452,185000,94.5,49.1,12.9,8,24,2,Осокорки,,50.40536976,30.63186233
34084450,300000,90.5,54.7,8.0,14,36,3,Шевченковский,,50.44773796,30.48063879
34084449,300000,90.5,54.7,8.0,14,36,3,Шевченковский,,50.44773796,30.48063879
34084448,300000,90.5,54.7,8.0,14,36,3,Шевченковский,,50.44773796,30.48063879
34084446,300000,90.5,54.7,8.0,14,36,3,Шевченковский,,50.44773796,30.48063879
34084445,300000,90.5,54.7,8.0,14,36,3,Шевченковский,,50.44773796,30.48063879
34084444,300000,90.5,54.7,8.0,14,36,3,Шевченковский,,50.44773796,30.48063879
34084427,360000,157.2,104.0,49.6,16,16,5,Шулявка,,50.45573372,30.4093795
34084426,360000,157.2,104.0,49.6,16,16,5,Шулявка,,50.45573372,30.4093795
34084425,360000,157.2,104.0,49.6,16,16,5,Шулявка,,50.45573372,30.4093795
34084424,360000,157.2,104.0,49.6,16,16,5,Шулявка,,50.45573372,30.4093795
34084422,360000,157.2,104.0,49.6,16,16,5,Шулявка,,50.45573372,30.4093795
34084421,360000,157.2,104.0,49.6,16,16,5,Шулявка,,50.45573372,30.4093795
34084290,23000,20.1,16.0,4.0,4,5,1,Соломенский,газоблок,50.38570504,30.44143448
34084419,230000,85.8,42.7,14.4,17,26,2,Татарка,кирпич,50.46344792,30.50318306
34084418,230000,85.8,42.7,14.4,17,26,2,Татарка,кирпич,50.46344792,30.50318306
34084417,230000,85.8,42.7,14.4,17,26,2,Татарка,кирпич,50.46344792,30.50318306
34084416,230000,85.8,42.7,14.4,17,26,2,Татарка,кирпич,50.46344792,30.50318306
34084415,230000,85.8,42.7,14.4,17,26,2,Татарка,кирпич,50.46344792,30.50318306
34084414,230000,85.8,42.7,14.4,17,26,2,Татарка,кирпич,50.46344792,30.50318306
34084409,982428,107.0,80.0,20.0,4,14,2,Липки,кирпич,50.44426736,30.52432201
34084408,982428,107.0,80.0,20.0,4,14,2,Липки,кирпич,50.44426736,30.52432201
34084407,982428,107.0,80.0,20.0,4,14,2,Липки,кирпич,50.44426736,30.52432201
34084406,982428,107.0,80.0,20.0,4,14,2,Липки,кирпич,50.44426736,30.52432201
34084405,982428,107.0,80.0,20.0,4,14,2,Липки,кирпич,50.44426736,30.52432201
34084404,982428,107.0,80.0,20.0,4,14,2,Липки,кирпич,50.44426736,30.52432201
34084400,450000,138.8,80.7,14.4,14,23,4,Демеевка,,50.40156703,30.51168037
34084399,450000,138.8,80.7,14.4,14,23,4,Демеевка,,50.40156703,30.51168037
34084398,450000,138.8,80.7,14.4,14,23,4,Демеевка,,50.40156703,30.51168037
34084397,450000,138.8,80.7,14.4,14,23,4,Демеевка,,50.40156703,30.51168037
34084395,450000,138.8,80.7,14.4,14,23,4,Демеевка,,50.40156703,30.51168037
34084396,450000,138.8,80.7,14.4,14,23,4,Демеевка,,50.40156703,30.51168037
34084201,650000,103.0,50.0,20.0,5,24,2,Черная Гора,монолитно-каркасный,50.40821103436912,30.544796899672665
34084383,290000,163.6,100.0,60.0,19,25,3,Дарницкий,,50.40536976,30.63186233
34084382,290000,163.6,100.0,60.0,19,25,3,Дарницкий,,50.40536976,30.63186233
34084381,290000,163.6,100.0,60.0,19,25,3,Дарницкий,,50.40536976,30.63186233
34084380,290000,163.6,100.0,60.0,19,25,3,Дарницкий,,50.40536976,30.63186233
34084379,290000,163.6,100.0,60.0,19,25,3,Дарницкий,,50.40536976,30.63186233
34084378,290000,163.6,100.0,60.0,19,25,3,Дарницкий,,50.40536976,30.63186233
34084338,132000,45.0,23.7,21.0,14,26,1,Дарницкий,кирпич,50.41451964,30.59855801
34084337,138000,93.0,49.0,34.0,15,25,2,Дарницкий,монолит,50.40308034,30.66022645
34084336,113999,80.3,42.3,20.0,17,24,2,Дарницкий,кирпич,50.41699762,30.62474003
34084335,68500,30.0,15.8,10.0,8,21,1,Дарницкий,монолит,50.42816621,30.64780343
33989712,81535,56.0,29.5,10.4,22,24,2,Позняки,монолитно-каркасный,50.4183823,30.62066016
33989711,94605,66.0,34.8,12.2,22,24,3,Позняки,монолитно-каркасный,50.4183823,30.62066016
34084358,393600,131.0,69.0,24.3,21,23,3,Черная Гора,монолит,50.40997468,30.54469647
34084357,393600,131.0,69.0,24.3,21,23,3,Черная Гора,монолит,50.40997468,30.54469647
34064060,168000,55.0,34.0,9.0,4,5,2,Липки,кирпич,50.44288322,30.52363229
33738719,41000,43.62,20.0,15.0,24,24,1,Оболонский,кирпич,50.51593717,30.46827981
34084229,118999,77.0,53.0,8.0,3,5,3,Печерский,кирпич,50.41866975,30.53541028
34084212,80000,45.0,19.0,8.0,2,9,1,Шевченковский,кирпич,50.45392134,30.50343682
34070822,89000,68.8,40.0,9.0,12,14,3,Саперное Поле,кирпич,50.42621071378997,30.54006085524791
33256801,80000,47.0,14.0,17.0,3,26,1,Позняки,,50.41451964,30.59855801
34084203,39000,26.0,13.0,5.0,5,9,1,Радужный Массив,панель,50.49325772,30.58295325
34080178,385000,55.0,15.9,21.6,8,25,1,Черепанова гора,кирпич,50.42892125,30.51953922
34082738,390000,159.0,94.2,7.5,5,17,4,Черная Гора,монолит,50.4118681,30.54564221
34080204,539000,77.0,50.0,18.0,6,25,2,Печерский,кирпич,50.42892125,30.51953922
34084103,48500,46.0,30.0,7.0,7,9,2,Куреневка,панель,50.49624319,30.45820285
34069395,250000,213.6,115.3,30.5,21,25,4,,кирпич,50.40781916,30.6227664
34069041,81720,90.8,58.5,8.7,2,16,4,Троещина,панель,50.49830278,30.59319477
34053441,180000,77.8,43.9,13.7,21,26,2,Соломянка,монолитно-каркасный,50.43101351,30.47787765
34084025,130000,62.55,59.12,7.42,2,9,3,Оболонь,панель,50.52047437,30.49656888
33950585,117300,43.0,15.0,20.0,8,25,1,Подольский,газоблок,50.50237874,30.41155489
33949539,152900,102.0,48.0,25.0,18,25,1,Печерский,монолитно-кирпичный,50.43010479,30.52196136
33955160,75000,58.0,35.0,9.0,3,14,2,Александровская Слободка,кирпич,50.42027064,30.4732314
33960079,99000,55.0,32.0,9.0,4,5,2,Первомайский Массив,кирпич,50.43589529,30.4553184
33238510,43382,41.18,21.7,7.6,4,26,1,Воскресенка,монолитно-каркасный,50.49133146,30.5889634
33238508,41907,39.78,21.0,7.4,4,26,1,Воскресенка,монолитно-каркасный,50.49133146,30.5889634
33736751,91374,59.58,31.4,11.0,17,26,1,Воскресенка,монолитно-каркасный,50.49133146,30.5889634
33238505,39440,40.29,21.2,7.5,4,26,1,Воскресенка,монолитно-каркасный,50.49133146,30.5889634
33238503,41845,39.78,21.0,7.4,14,26,1,Воскресенка,монолитно-каркасный,50.49133146,30.5889634
33238521,43318,41.18,21.7,7.6,14,26,1,Воскресенка,монолитно-каркасный,50.49133146,30.5889634
33238502,36545,34.69,18.3,6.4,4,26,1,Воскресенка,монолитно-каркасный,50.49133146,30.5889634
33238511,62059,59.43,31.3,11.0,4,26,2,Воскресенка,монолитно-каркасный,50.49133146,30.5889634
33238509,31562,29.96,15.8,5.5,4,26,1,Воскресенка,монолитно-каркасный,50.49133146,30.5889634
33238498,60448,57.38,30.2,10.6,4,26,2,Воскресенка,монолитно-каркасный,50.49133146,30.5889634
33238485,79702,51.32,27.0,9.5,24,26,2,Воскресенка,монолитно-каркасный,50.49133146,30.5889634
30856568,59162,36.28,19.1,6.7,14,26,1,Днепровский,монолитно-каркасный,50.49133146,30.5889634
34068396,160000,112.1,63.4,16.2,6,23,3,Позняки,кирпич,50.40759236,30.61967727
33022464,235000,170.0,60.0,77.0,9,25,4,Шулявка,кирпич,50.45138576,30.47210551
33893620,69510,33.1,17.4,6.1,1,5,1,Голосеев,монолитно-каркасный,50.39337049,30.47932481
33893623,115710,55.1,29.0,10.2,1,5,2,Голосеев,монолитно-каркасный,50.39337049,30.47932481
33893625,81480,38.8,20.4,7.2,1,5,2,Голосеев,монолитно-каркасный,50.39337049,30.47932481
33893621,72240,34.4,18.1,6.4,1,5,2,Голосеев,монолитно-каркасный,50.39337049,30.47932481
33893624,73311,34.91,18.4,6.5,1,5,1,Голосеев,монолитно-каркасный,50.39337049,30.47932481
33893627,126420,60.2,31.7,11.1,1,5,2,Голосеев,монолитно-каркасный,50.39337049,30.47932481
33893622,82761,39.41,20.8,7.3,1,5,1,Голосеев,монолитно-каркасный,50.39337049,30.47932481
33893628,116340,55.4,29.2,10.3,1,5,2,Голосеев,монолитно-каркасный,50.39337049,30.47932481
33893619,75180,35.8,18.9,6.6,1,5,1,Голосеев,монолитно-каркасный,50.39337049,30.47932481
33893618,60690,28.9,15.2,5.4,1,5,1,Голосеев,монолитно-каркасный,50.39337049,30.47932481
34083986,120000,41.3,18.0,15.0,14,21,1,Голосеев,монолит,50.39421371,30.47291931
34083982,391929,197.75,104.2,36.6,25,26,6,Печерский,монолитно-каркасный,50.40756307,30.54114927
33450708,63773,49.99,26.3,9.3,1,25,1,Новая Дарница,каркасный,50.42260494,30.64032371
34083976,85000,80.3,42.1,9.3,2,9,3,Троещина,панель,50.50480074,30.58487116
34083983,600000,211.0,133.3,52.1,16,16,4,Саперное Поле,кирпич,50.4239762,30.53458897
34083978,215000,70.4,35.7,19.9,12,23,2,Новое строение,монолитно-каркасный,50.42613543,30.51406653
33238495,70527,50.11,26.4,9.3,25,26,1,Воскресенка,монолитно-каркасный,50.49133146,30.5889634
33238500,70541,50.12,26.4,9.3,25,26,1,Воскресенка,монолитно-каркасный,50.49133146,30.5889634
33238494,143912,102.25,53.9,18.9,25,26,3,Воскресенка,монолитно-каркасный,50.49133146,30.5889634
33238496,158465,112.59,59.3,20.8,25,26,4,Воскресенка,монолитно-каркасный,50.49133146,30.5889634
33238493,69176,49.15,25.9,9.1,25,26,1,Воскресенка,монолитно-каркасный,50.49133146,30.5889634
33238462,71829,56.12,29.6,10.4,3,26,1,Воскресенка,монолитно-каркасный,50.49133146,30.5889634
33238501,68613,48.75,25.7,9.0,25,26,1,Воскресенка,монолитно-каркасный,50.49133146,30.5889634
33238468,50591,31.21,16.4,5.8,9,26,1,Воскресенка,монолитно-каркасный,50.49133146,30.5889634
33238481,78070,53.62,28.2,9.9,20,26,1,Воскресенка,монолитно-каркасный,50.49133146,30.5889634
33238471,80672,53.62,28.2,9.9,9,26,1,Воскресенка,монолитно-каркасный,50.49133146,30.5889634
33238484,79631,53.62,28.2,9.9,19,26,1,Воскресенка,монолитно-каркасный,50.49133146,30.5889634
33238480,86534,59.04,31.1,10.9,19,26,2,Воскресенка,монолитно-каркасный,50.49133146,30.5889634
33238465,50591,31.21,16.4,5.8,7,26,1,Воскресенка,монолитно-каркасный,50.49133146,30.5889634
33238467,80672,53.62,28.2,9.9,4,26,1,Воскресенка,монолитно-каркасный,50.49133146,30.5889634
34083968,139000,87.0,30.83,15.0,2,16,2,Караваевы Дачи,кирпич,50.43958153,30.44106907
34083966,132000,68.0,35.0,11.0,21,22,2,Саперная Слободка,кирпич,50.40339449,30.53075897
34083964,131000,48.0,32.0,11.0,8,26,2,Дарницкий,монолитно-каркасный,50.41309944,30.60000686
34083962,130000,94.4,45.3,25.0,11,25,3,Теремки-1,монолитно-каркасный,50.3672206,30.4628044
34083961,130000,60.0,30.83,12.0,19,35,2,Левобережный Масив,монолитно-каркасный,50.43890002,30.61003011
34083960,130000,46.6,15.3,20.0,2,24,1,Дарницкий,керамический блок,50.4206126,30.61294876
34083959,128000,72.9,30.0,12.0,6,24,2,Голосеев,монолитно-каркасный,50.3917725,30.48014191
34083958,125000,93.0,45.3,19.3,6,14,3,Турецкий городок,панель,50.41633478,30.45828231
34083956,125000,45.0,30.83,16.0,5,25,2,Воскресенка,керамический блок,50.46580054,30.60139563
34083949,115000,61.2,32.2,15.2,3,17,2,Мостицкий Массив,панель,50.49728509,30.43698213
34083944,3700000,500.0,90.0,25.0,21,23,4,,кирпич,50.44233637,30.53909332
34083942,99900,85.0,63.0,12.0,22,22,4,Деснянский,кирпич,50.49904891,30.58019102
33955675,120000,32.0,20.0,12.0,7,30,1,Черная Гора,кирпич,50.4116263,30.54473123
34083933,135000,91.0,48.14,12.97,21,25,3,,монолит,50.49095,30.4076515
34083922,120000,74.0,43.0,9.0,1,12,3,Оболонь,керамзитобетон,50.51341315,30.50540331
34083909,74500,74.0,41.0,8.0,6,13,3,Троещина,керамзитобетон,50.51772273,30.59443462
34083912,4000000,88.4,49.0,14.0,14,16,3,Троещина,панель,50.51540996,30.59967047
34083891,79000,72.9,29.7,17.6,25,25,2,Позняки,панель,50.39227327,30.65318595
34083906,136000,56.2,46.0,10.0,1,6,2,Зверинец,кирпич,50.41534868,30.54943417
34083893,95000,58.17,35.3,9.4,5,5,2,Новое строение,кирпич,50.43568793,30.51288601
34083894,95000,58.17,35.3,9.4,5,5,2,Новое строение,кирпич,50.43568793,30.51288601
34083895,95000,58.17,35.3,9.4,5,5,2,Новое строение,кирпич,50.43568793,30.51288601
34083896,95000,58.17,35.3,9.4,5,5,2,Новое строение,кирпич,50.43568793,30.51288601
34083898,95000,58.17,35.3,9.4,5,5,2,Новое строение,кирпич,50.43568793,30.51288601
34083897,95000,58.17,35.3,9.4,5,5,2,Новое строение,кирпич,50.43568793,30.51288601
33989098,140000,80.0,42.1,14.8,19,26,2,Никольская Слободка,монолитно-каркасный,50.46069937,30.58029694
33989099,139635,96.3,50.7,17.8,11,26,3,Никольская Слободка,монолитно-каркасный,50.46069937,30.58029694
33989093,139840,87.4,46.0,16.2,20,26,1,Березняки,монолитно-каркасный,50.42141452,30.59704378
33989095,153901,82.3,43.3,15.2,25,26,1,Березняки,монолитно-каркасный,50.42141452,30.59704378
34083879,65000,32.0,16.9,5.9,1,9,1,Оболонь,панель,50.500456,30.512902
33515174,250000,116.0,62.0,25.0,21,25,4,Демеевка,монолит,50.39888227,30.52176229
34083878,85500,47.5,19.3,13.4,16,26,1,Святошинский,монолитно-блочный,50.4522981,30.36973982
34083856,96000,46.0,30.0,6.0,7,10,2,Печерск,кирпич,50.43804512,30.52519406
34083847,60000,40.0,22.0,7.0,5,9,1,Лесной Массив,кирпич,50.48115943,30.62991291
33827086,86000,48.7,25.6,9.0,3,25,2,Караваевы Дачи,кирпич,50.4352882,30.44553288
33836869,2408890,39.49,15.3,14.0,12,24,1,Дарницкий,газобетон,50.4183823,30.62066016
34083790,132000,98.0,51.6,14.0,2,22,3,Позняки,монолитно-кирпичный,50.41569048,30.62618853
34083799,175000,90.0,63.0,9.0,3,5,3,Новое строение,кирпич,50.43721705,30.5157122
34083758,74500,74.5,41.8,8.2,6,15,3,Троещина,панель,50.51772273,30.59443462
34062915,199000,164.0,86.4,30.4,2,15,4,Левобережный Масив,кирпич,50.45320458,30.58831805
34083752,68000,47.0,20.0,13.0,10,22,1,Подольский,монолит,50.4854294,30.41351483
33870017,111000,75.0,39.5,23.0,19,26,2,Северно-Броварский Масив,монолитно-каркасный,50.46797622,30.61203801
33800339,86000,71.0,41.0,6.0,14,18,3,Теремки-1,панель,50.36569259,30.46017891
34059599,65000,47.0,20.0,13.0,6,21,1,Жуляны,,50.44232732,30.44362484
34083648,65000,67.8,35.7,7.8,5,5,3,Никольская Борщаговка,керамзитобетон,50.42771351,30.36716038
34083665,80000,60.3,30.4,7.6,9,12,2,Соломянка,кирпич,50.42011411,30.46877827
33681613,58000,72.0,41.7,7.4,4,5,3,Святошинский,кирпич,50.50100345,30.36262692
34083655,200000,83.2,29.1,29.1,5,23,2,Шулявка,монолит,50.45406833,30.45184682
34083635,240000,81.3,35.0,15.8,6,12,2,Печерский,кирпич,50.42365749,30.51654266
31079846,210000,154.0,106.0,8.0,25,27,4,,монолитно-каркасный,50.52593811,30.46210836
34072687,175000,95.0,65.0,19.0,11,25,2,Голосеев,газобетон,50.39053170422798,30.479998655433093
34077195,89000,69.8,52.0,9.0,6,9,3,Новая Дарница,кирпич,50.42556401,30.67140605
34082967,46500,57.3,30.2,10.6,5,5,3,Отрадный,кирпич,50.42546626,30.42770816
34083589,80999,50.0,30.0,9.0,3,16,2,Печерский,кирпич,50.42465671,30.52125125
34083587,77000,45.0,23.7,5.0,5,5,2,Голосеевский,кирпич,50.41456091,30.52098337
34083588,65000,28.0,14.7,5.0,7,7,1,Голосеевский,кирпич,50.42215909,30.51944779
34083585,64500,35.0,19.0,6.0,6,9,1,Голосеевский,кирпич,50.42408489,30.51637773
34083586,72000,40.0,14.0,7.0,11,16,1,Печерский,кирпич,50.42465671,30.52125125
34083584,61500,36.0,16.8,8.0,10,14,1,Печерский,кирпич,50.42337966,30.51436478
34083583,60000,40.0,22.0,7.0,5,9,1,Бортничи,кирпич,50.48115943,30.62991291
33439055,62000,43.77,17.0,14.0,4,22,1,Дарницкий,керамический блок,50.4206126,30.61294876
34080590,179000,83.0,45.0,15.0,19,25,2,Голосеев,кирпич,50.39888227,30.52176229
34082214,91700,74.0,39.0,13.0,10,10,3,Куреневка,кирпич,50.49425893,30.4557373
34083528,123405,64.61,34.0,12.0,1,24,3,Позняки,монолитно-каркасный,50.3997988,30.63051618
34083526,153949,60.61,31.9,11.2,1,16,2,Оболонь,монолитно-каркасный,50.50941183,30.5002882
34083524,65169,34.12,18.0,6.3,1,24,1,Позняки,монолитно-каркасный,50.3997988,30.63051618
34083527,150967,54.11,28.5,10.0,1,16,2,Оболонь,монолитно-каркасный,50.50941183,30.5002882
34083519,79399,41.57,21.9,7.7,1,24,1,Позняки,монолитно-каркасный,50.3997988,30.63051618
34083522,162769,58.34,30.7,10.8,1,16,3,Оболонь,монолитно-каркасный,50.50941183,30.5002882
34083525,182194,71.73,37.8,13.3,1,16,2,Оболонь,монолитно-каркасный,50.50941183,30.5002882
34083518,140767,55.42,29.2,10.3,1,16,2,Оболонь,монолитно-каркасный,50.50941183,30.5002882
34083521,108927,57.03,30.0,10.6,1,24,2,Позняки,монолитно-каркасный,50.3997988,30.63051618
34083520,106616,55.82,29.4,10.3,1,24,3,Позняки,монолитно-каркасный,50.3997988,30.63051618
34083515,101325,36.98,19.5,6.8,1,16,1,Оболонь,монолитно-каркасный,50.50941183,30.5002882
34083517,132309,52.09,27.4,9.6,1,16,2,Оболонь,монолитно-каркасный,50.50941183,30.5002882
34083513,141007,50.54,26.6,9.4,1,16,2,Оболонь,монолитно-каркасный,50.50941183,30.5002882
34083516,135231,48.47,25.5,9.0,1,16,2,Оболонь,монолитно-каркасный,50.50941183,30.5002882
34083514,97594,34.98,18.4,6.5,1,16,1,Оболонь,монолитно-каркасный,50.50941183,30.5002882
33238495,70687,50.11,26.4,9.3,25,26,1,Воскресенка,монолитно-каркасный,50.49133146,30.5889634
33238500,70701,50.12,26.4,9.3,25,26,1,Воскресенка,монолитно-каркасный,50.49133146,30.5889634
33238494,144237,102.25,53.9,18.9,25,26,3,Воскресенка,монолитно-каркасный,50.49133146,30.5889634
33238496,158823,112.59,59.3,20.8,25,26,4,Воскресенка,монолитно-каркасный,50.49133146,30.5889634
33238493,69333,49.15,25.9,9.1,25,26,1,Воскресенка,монолитно-каркасный,50.49133146,30.5889634
33238462,71991,56.12,29.6,10.4,3,26,1,Воскресенка,монолитно-каркасный,50.49133146,30.5889634
33238501,68768,48.75,25.7,9.0,25,26,1,Воскресенка,монолитно-каркасный,50.49133146,30.5889634
33238468,50706,31.21,16.4,5.8,9,26,1,Воскресенка,монолитно-каркасный,50.49133146,30.5889634
33238481,78246,53.62,28.2,9.9,20,26,1,Воскресенка,монолитно-каркасный,50.49133146,30.5889634
33238471,80855,53.62,28.2,9.9,9,26,1,Воскресенка,монолитно-каркасный,50.49133146,30.5889634
33238484,79811,53.62,28.2,9.9,19,26,1,Воскресенка,монолитно-каркасный,50.49133146,30.5889634
33238480,86730,59.04,31.1,10.9,19,26,2,Воскресенка,монолитно-каркасный,50.49133146,30.5889634
33238465,50706,31.21,16.4,5.8,7,26,1,Воскресенка,монолитно-каркасный,50.49133146,30.5889634
33238467,80855,53.62,28.2,9.9,4,26,1,Воскресенка,монолитно-каркасный,50.49133146,30.5889634
34083856,96000,46.0,13.4,20.0,7,10,1,Печерск,кирпич,50.43804512,30.52519406
34083523,90763,47.52,25.0,8.8,1,24,2,Позняки,монолитно-каркасный,50.3997988,30.63051618
34082601,89000,54.0,28.4,9.0,11,16,2,Северно-Броварский Масив,панель,50.46894745,30.62073598
34070602,138000,90.5,54.8,7.9,14,36,3,Шевченковский,кирпич,50.4481269,30.4789911
34082668,81000,34.0,17.9,7.0,8,9,1,Шулявка,панель,50.44878727,30.47252654
34080212,620000,85.0,50.0,20.0,9,25,2,Печерский,кирпич,50.42904256066109,30.51938865827557
34070520,73500,49.3,30.4,4.4,7,9,1,Первомайский Массив,кирпич,50.42994025,30.4550829
34082661,2500000,45.0,29.0,7.0,2,5,2,Сырец,кирпич,50.47697963,30.43553214
34082628,121500,46.0,19.5,10.2,19,25,1,Солдатская Слободка,кирпич,50.45466514,30.48831731
34082618,45000,42.0,16.0,6.0,2,5,2,Виноградарь,,50.50974974,30.43182049
34082650,57000,46.2,31.1,7.8,4,5,2,Старая Дарница,панель,50.43978642,30.63004315
34055962,70500,49.0,18.0,18.0,7,25,1,Приорка,керамзитобетон,50.51069997,30.46646556
34082605,105000,47.0,16.0,21.0,4,16,1,Подольский,керамический блок,50.4848799,30.41595449
34082574,55000,35.0,18.4,6.7,2,9,1,Днепровский,панель,50.42863312,30.60053794
34082575,64000,21.0,11.1,5.0,7,13,1,Днепровский,кирпич,50.43555111,30.61657064
34082568,55000,20.0,10.5,5.0,6,14,1,Днепровский,кирпич,50.43524353,30.62152076
34082567,67000,52.58,27.7,15.2,15,25,1,Дарницкий,панель,50.39160665,30.65226213
34082573,86000,56.8,29.9,13.3,13,16,1,Дарницкий,кирпич,50.39840814,30.64340444
34082570,55000,46.0,24.2,7.5,9,9,2,Днепровский,панель,50.5854167,30.49084572
34082569,70000,53.0,27.9,12.0,25,34,1,Дарницкий,монолит,50.39542624,30.63386917
34082566,63000,34.0,17.9,8.0,24,25,1,Оболонский,монолит,50.49865885,30.46698426
34082571,55500,22.0,11.6,5.0,5,12,1,Днепровский,кирпич,50.43555111,30.61657064
34082565,79000,53.0,27.9,15.0,9,18,1,Дарницкий,панель,50.395701,30.629961
34082572,56000,22.0,11.6,5.0,3,7,1,Днепровский,кирпич,50.43555111,30.61657064
34082594,36200,33.0,13.0,5.0,2,5,1,Соцгород,кирпич,50.43984569,30.62138989
34082585,450000,170.0,112.0,58.0,5,5,4,Александровская Слободка,кирпич,50.41653239,30.48596761
34082608,80000,37.0,19.5,9.0,5,10,1,Дарницкий,газоблок,50.39197984,30.60224813
34082604,130000,59.4,19.2,25.0,11,26,1,,монолитно-кирпичный,50.46105627,30.49170805
34082525,113000,43.0,22.6,21.0,17,21,1,Подольский,кирпич,50.50276576,30.40827602
34082590,165000,45.0,21.0,15.0,18,24,1,Черная Гора,кирпич,50.4110889,30.543127
34082497,85000,47.0,17.0,14.0,11,18,1,Татарка,,50.47056944,30.48415993
34082500,45000,42.0,28.0,6.0,2,5,2,Виноградарь,,50.50974974,30.43182049
34082490,399000,133.0,78.0,20.0,12,24,4,Черная Гора,кирпич,50.4100752,30.54653482
34082422,100000,42.0,20.0,15.0,7,25,1,Левобережный Масив,кирпич,50.44644374,30.60151285
34082552,127000,46.0,19.0,20.0,16,26,1,Дарницкий,монолит,50.41389284,30.5992752
34082560,85000,80.0,42.1,8.0,1,4,3,Новая Дарница,кирпич,50.42588493,30.65848202
34082474,215000,105.0,68.0,17.0,8,24,3,Печерский,монолит,50.4047087,30.55474394
34082549,54000,46.5,14.5,19.7,9,17,1,Соломенский,кирпич,50.45517128,30.41690159
34082541,110000,60.0,20.0,25.0,5,17,2,Мостицкий Массив,панель,50.49670614,30.44204239
34082536,65000,41.5,15.6,12.0,3,3,1,,кирпич,50.41788969,30.55086162
34082383,89999,57.4,15.8,22.8,32,36,1,Шулявка,монолит,50.4481269,30.4789911
34082356,83000,42.0,22.1,9.0,18,25,1,Голосеев,кирпич,50.39024434,30.47657393
34082313,125000,44.0,12.0,24.0,19,23,1,Подольский,газоблок,50.50258727093353,30.410134901844515
34070524,220000,62.8,24.7,17.0,22,24,1,Черепанова гора,кирпич,50.42736337,30.52598577
32671997,395000,125.0,50.0,50.0,5,21,3,Саперное Поле,кирпич,50.420068,30.52671534
32679153,1500000,212.0,70.0,20.0,2,5,2,,кирпич,50.42053233,30.55432663
34082470,125000,42.8,22.5,18.0,6,26,1,Оболонский,керамзитобетон,50.48506,30.53298212
34082381,66000,51.0,29.0,8.0,9,9,2,Дарницкий,кирпич,50.40433353,30.65952454
34081431,76000,45.0,28.0,6.0,3,9,2,Днепровский,кирпич,50.43459712,30.59323217
32718127,230000,90.0,50.0,30.0,2,16,3,Святошино,кирпич,50.44538623,30.38050177
34082411,130000,110.0,85.0,15.2,17,24,3,Осокорки,кирпич,50.39558592,30.62326285
34082396,481500,145.2,80.2,13.6,4,22,4,Черная Гора,монолит,50.40941356,30.54432622
34081374,185000,109.0,80.0,20.0,2,5,3,Татарка,кирпич,50.46466738,30.50103832
34082403,92000,44.5,28.7,6.6,3,9,2,Черепанова гора,кирпич,50.4348773,30.52924421
34082387,219000,82.0,40.0,20.0,7,16,3,Соцгород,газоблок,50.43177557,30.62042181
34082397,125000,35.0,18.4,9.0,13,16,1,Паньковщина,кирпич,50.43741256,30.50578363
34082329,390000,131.0,55.0,23.0,21,24,3,Черная Гора,,50.4100752,30.54653482
34062319,119990,41.0,20.0,12.0,10,21,1,Голосеевский,монолитно-кирпичный,50.39276093,30.47307989
34082125,105000,95.0,60.0,8.4,7,12,4,Левобережный Масив,кирпич,50.45658985,30.58795268
34082299,116638,74.15,30.99,22.09,4,13,3,Святошинский,кирпич,50.49863685,30.35814128
34082298,113500,43.0,22.6,21.0,17,21,1,Подольский,кирпич,50.50276576,30.40827602
33040451,103500,41.4,15.0,10.0,4,9,1,,кирпич,50.47084549,30.50035165
34082343,60000,52.0,27.4,9.0,9,9,2,,кирпич,50.45034328,30.35677088
34082290,95000,46.0,18.0,16.0,8,16,1,Святошинский,монолитно-каркасный,50.44590449,30.381178
33043390,1000000,249.0,180.0,60.0,24,26,4,,кирпич,50.40519616,30.55267483
34082342,120000,43.9,19.9,9.5,11,14,1,Зверинец,кирпич,50.41940653,30.55452797
34082330,165000,45.0,24.0,15.0,18,24,2,Черная Гора,кирпич,50.4110889,30.543127
34082321,75000,40.0,21.1,6.0,2,9,2,Голосеев,кирпич,50.38421263,30.48361612
34082314,82000,39.0,20.5,15.0,19,26,1,Совки,кирпич,50.41198262,30.47171102
34082297,121500,83.3,68.0,11.0,7,9,3,Первомайский Массив,кирпич,50.43321902,30.45865345
34082259,175000,54.0,19.0,28.0,6,23,1,Татарка,газоблок,50.46349882,30.50306079
34082277,94900,56.1,33.7,6.2,4,5,3,Зверинец,кирпич,50.4111609,30.54974779
34082270,80000,53.0,27.9,8.0,3,9,2,Демеевка,кирпич,50.40531127,30.52071095
34082029,105000,78.8,44.5,8.6,15,16,3,Позняки,панель,50.40178107,30.62652711
34074860,190000,110.2,65.7,15.8,4,10,3,Лукьяновка,кирпич,50.46738333,30.4710564
34082226,117500,43.0,22.6,20.0,8,25,1,Подольский,монолитно-каркасный,50.50175728,30.41011074
34082239,220000,142.1,83.6,14.4,21,25,4,Соломянка,монолитно-каркасный,50.43075314,30.48595861
33186878,128000,76.12,29.5,25.0,12,26,3,Дарницкий,,50.41188884,30.59881841
34076627,400000,161.2,94.0,19.3,21,23,3,Сырец,кирпич,50.46409053,30.43860774
34082232,74999,70.1,36.9,9.4,7,9,3,Виноградарь,панель,50.51241365,30.43093489
34082177,62500,39.5,20.8,11.5,23,25,2,Святошинский,керамічний блок,50.47788615,30.33819144
34082260,2400000,45.0,28.0,7.0,2,5,2,Сырец,кирпич,50.47697963,30.43553214
34082133,87500,66.0,28.6,8.2,15,20,2,Минский Массив,кирпич,50.51735602,30.46694116
33442601,677400,225.8,90.6,25.6,22,23,4,Черная Гора,кирпич,50.4100752,30.54653482
34082211,77000,42.0,22.1,15.0,23,24,1,Минский Массив,кирпич,50.52115077,30.46581041
33442471,301200,100.4,56.2,15.0,17,19,3,Черная Гора,кирпич,50.4100752,30.54653482
34062416,155500,94.0,54.0,12.0,6,23,3,Дарницкий,кирпич,50.39221261,30.62645821
33451174,121000,75.4,37.0,15.0,19,28,2,Дарницкий,керамический блок,50.41095544,30.60010318
34070059,81000,72.2,36.1,11.3,6,25,2,Куреневка,,50.49813336,30.46873306
34073253,65000,71.9,41.9,8.3,9,16,3,Троещина,панель,50.53011502,30.60768773
34082147,50000,51.0,30.0,8.0,6,9,2,Деснянский,кирпич,50.51418248,30.60365983
34062554,51999,27.0,15.0,3.0,9,9,1,Нивки,кирпич,50.49423254,30.40696831
34062343,74990,51.0,19.7,13.5,4,19,1,Нивки,кирпич,50.47090263,30.40660406
34070152,135000,58.9,25.1,13.7,20,25,1,Демеевка,,50.39888572,30.51948396
34082195,90000,44.0,20.0,12.0,8,16,1,Подольский,керамический блок,50.4848799,30.41595449
33565172,92000,87.6,46.1,16.2,17,26,3,Днепровский,кирпич,50.45502841,30.60636303
34082168,83000,51.4,25.0,9.0,5,9,2,Оболонь,панель,50.5168282,30.51582702
34082065,185000,132.0,67.5,15.2,17,18,4,Сырец,монолитно-каркасный,50.46890083,30.43133365
34082181,76000,63.0,33.2,7.0,2,9,3,Сырец,панель,50.48297219,30.4531267
34082167,170000,81.0,55.0,19.0,2,9,4,Саперное Поле,кирпич,50.41612446,30.52392562
33559344,115000,41.0,16.0,17.0,4,21,1,Голосеев,кирпич,50.39421371,30.47291931
34082114,136000,99.9,55.8,24.9,21,25,3,Дарницкий,кирпич,50.41670977,30.63354513
34082112,84000,86.4,48.0,9.1,6,18,3,Дарницкий,кирпич,50.40961441,30.63472334
34082104,150000,117.0,65.0,17.0,23,29,3,Позняки,кирпич,50.40751665,30.63512934
34082043,75000,77.0,40.6,8.4,13,16,3,Харьковский Массив,панель,50.40796894,30.67005643
34082095,230000,100.0,56.0,40.0,23,23,2,Дарницкий,керамический блок,50.40240506,30.61409516
34082141,55000,45.0,28.0,7.0,2,5,2,Сырец,,50.47697963,30.43553214
34081894,57000,52.0,30.0,9.0,10,12,2,Воскресенка,панель,50.49304869,30.59130003
34081941,51000,44.9,29.3,6.9,5,5,2,Воскресенка,панель,50.47286063,30.60134876
34082032,72000,72.0,37.9,9.0,9,10,3,Минский Массив,панель,50.51621874,30.46008451
34082071,88000,37.6,16.0,8.0,4,16,1,Святошино,монолитно-каркасный,50.44716534,30.38128072
34082100,130000,46.6,15.0,20.0,2,24,1,Дарницкий,керамический блок,50.4206126,30.61294876
34082089,125000,80.0,60.0,9.0,7,9,3,Печерск,кирпич,50.43096477,30.54041005
34081998,68000,29.6,15.6,10.0,5,21,1,Новая Дарница,,50.42816621,30.64780343
34082067,80000,32.0,12.0,10.0,1,3,2,Подол,кирпич,50.46765381,30.51611485
34082026,75000,70.0,50.0,9.0,4,16,3,Троещина,кирпич,50.53135969,30.61150837
34082074,75000,36.5,19.2,10.0,11,12,1,Харьковский Массив,монолитно-каркасный,50.40496695,30.67089532
33780889,235000,60.6,13.2,28.3,5,21,1,Саперное Поле,кирпич,50.41976824,30.52673565
33793787,245000,82.0,60.0,15.0,12,26,2,Саперное Поле,кирпич,50.42112952,30.52632844
33886765,150000,56.2,29.6,10.4,1,6,2,Зверинец,кирпич,50.41534868,30.54943417
34081607,115000,49.8,15.6,19.7,17,26,1,Дарницкий,монолитно-кирпичный,50.39685875,30.59994974
34082047,105000,61.1,32.2,10.7,6,7,2,Саперная Слободка,монолитно-каркасный,50.39520416,30.53559105
33984995,285000,105.3,55.5,19.5,23,26,3,Дарницкий,кирпич,50.39509864,30.60345231
32400914,126500,53.0,27.9,24.0,3,16,1,Теремки-2,газобетон,50.37018674,30.44046418
34082014,82000,39.5,18.5,11.0,7,16,1,Оболонь,панель,50.50840537,30.4973274
34081962,114000,41.5,13.0,17.8,16,23,1,Подольский,газоблок,50.5024812,30.41012675
34081976,95000,58.0,40.0,10.0,6,10,2,Конча-Заспа,кирпич,50.30105465,30.57331813
34081992,28000,16.3,8.8,5.0,2,2,1,Дарницкий,дерево и кирпич,50.374635,30.607002
34081966,85000,46.0,25.0,7.0,7,16,2,Оболонь,панель,50.50789175,30.50721828
34081996,128000,67.6,35.6,17.0,10,13,2,Берковец,монолитно-каркасный,50.4982256,30.35708197
34081939,72000,46.0,18.0,9.0,6,16,1,,кирпич,50.4057019,30.6173164
34081968,95000,61.0,32.1,9.0,8,9,3,,панель,50.52172736,30.52206514
34081884,220000,102.0,58.0,14.0,3,14,3,Солдатская Слободка,монолитно-каркасный,50.45464723,30.48528895
33613820,89000,47.8,19.5,9.2,3,32,1,Шевченковский,кирпич,50.44205346,30.49665946
34081906,90000,97.0,70.0,10.0,1,9,4,Оболонь,кирпич,50.52670857,30.51503443
33231010,40000,28.4,12.6,6.2,3,9,1,Соцгород,кирпич,50.4385947,30.61731934
34071199,99000,43.0,22.6,13.0,11,13,1,Днепровский,,50.43524353,30.62152076
33945495,230000,93.2,50.1,13.3,10,14,3,Паньковщина,кирпич,50.43788752,30.50128741
34081935,175000,77.0,38.3,17.2,3,20,2,Солдатская Слободка,кирпич,50.45078691,30.48690225
34081932,495000,110.0,68.0,27.0,4,19,4,Центр,керамический блок,50.45205593,30.50289522
34081904,112000,54.0,36.0,11.0,5,16,2,Новое строение,кирпич,50.41810554,30.52092521
34081808,85000,72.0,50.0,8.0,7,9,3,Деснянский,панель,50.47303836,30.66938871
34081623,290000,73.0,35.3,14.2,6,20,2,Шевченковский,кирпич,50.45078691,30.48690225
34081886,110000,40.0,16.0,15.0,16,26,1,Оболонский,монолитно-каркасный,50.48509,30.53276
34081858,220000,100.0,45.8,17.9,21,25,2,Демеевка,кирпич,50.40038481,30.52027843
34081901,117000,43.0,22.0,10.0,3,16,1,Русановка,кирпич,50.44294995,30.59201271
34081863,86000,43.0,19.0,13.0,3,7,1,Татарка,панель,50.4637346,30.49766488
34081595,175000,90.0,63.0,9.0,3,5,4,Новое строение,кирпич,50.43721705,30.5157122
34081854,185000,77.8,50.0,20.0,7,10,2,Подол,кирпич,50.47055021,30.51370482
34081793,380000,146.0,81.0,15.0,12,22,4,Черная Гора,монолитно-каркасный,50.41069743,30.54551723
34050897,128000,53.8,29.0,7.0,4,7,2,Новое строение,кирпич,50.41975863,30.52172943
34081821,72500,44.0,10.0,16.0,25,26,1,Минский Массив,монолитно-каркасный,50.52178165,30.46379172
34078069,103000,101.3,55.8,12.9,13,26,3,Позняки,кирпич,50.41494251,30.61518672
34081767,105000,60.0,31.6,24.0,9,9,2,Днепровский,кирпич,50.43555111,30.61657064
34081766,130000,48.4,25.5,20.0,1,26,1,Деснянский,кирпич,50.46844466,30.61024368
34081769,55000,47.0,24.8,6.0,5,9,2,Днепровский,кирпич,50.43124205,30.61032037
34081768,96000,70.0,36.9,8.0,3,9,3,Днепровский,кирпич,50.49213805,30.57659404
34081777,170000,81.0,55.0,19.0,2,9,1,Саперное Поле,кирпич,50.41612446,30.52392562
34081457,55000,45.0,16.3,8.9,4,5,1,Быковня,кирпич,50.47904392,30.67159249
34081820,165000,66.0,39.0,16.0,4,4,1,Липки,кирпич,50.44639599,30.52319867
34081746,143000,63.0,45.8,9.1,6,9,1,Голосеевский,панель,50.38525255,30.44648386
34081794,97000,46.0,11.0,15.0,21,21,1,Шулявка,газоблок,50.44730459,30.4215603
34081805,87000,75.5,40.6,8.5,12,20,3,,кирпич,50.3966808,30.6425022
34081307,84000,40.0,10.0,24.0,23,26,1,Совки,монолитно-каркасный,50.41198262,30.47171102
34081804,52000,42.0,22.1,7.0,5,5,2,Лукьяновка,кирпич,50.46564776,30.47028173
34048245,175000,87.0,38.0,21.0,18,23,2,Черепанова гора,монолитно-кирпичный,50.42488952,30.52245259
34081510,990000,250.0,150.0,35.0,26,26,4,Оболонь,монолит,50.49872119,30.49735311
34076807,475000,132.0,51.0,30.0,18,21,4,Саперное Поле,монолитно-каркасный,50.41976824,30.52673565
34081795,155000,98.0,59.0,18.0,8,25,3,Шевченковский,кирпич,50.46804038,30.43109995
34081720,180000,75.0,18.0,35.0,19,26,2,Лукьяновка,кирпич,50.45919114,30.48404827
34081786,188000,76.0,42.0,23.0,20,23,3,Подольский,газоблок,50.5024812,30.41012675
34081474,149000,82.0,50.0,12.0,1,16,3,Святошино,монолитно-каркасный,50.44590449,30.381178
34081785,185000,106.9,56.3,16.0,16,20,3,Позняки,,50.40781916,30.6227664
34080061,160000,80.0,60.0,20.0,10,26,3,Черная Гора,монолитно-каркасный,50.407146375818655,30.540970668570992
33887684,45000,43.4,28.8,6.1,3,5,2,Нивки,кирпич,50.47006581,30.41631657
34081763,180000,75.0,18.0,35.0,19,20,2,Лукьяновка,кирпич,50.45919114,30.48404827
34081721,990000,250.0,190.0,35.0,26,26,3,Оболонь,монолит,50.49872119,30.49735311
34081755,180000,80.0,50.0,16.0,20,26,2,Чоколовка,,50.41201549,30.59880585
34081725,125000,44.0,18.0,25.0,19,23,1,Подольский,газоблок,50.5024812,30.41012675
34081716,170000,81.0,55.0,19.0,2,9,4,,кирпич,50.41612446,30.52392562
34081733,170000,64.0,40.0,15.0,10,23,2,Черная Гора,кирпич,50.41356245,30.54403705
34081731,150000,70.0,38.0,16.0,27,34,2,Теремки-2,кирпич,50.3707656,30.46116947
34081552,300000,88.0,46.3,32.0,10,25,3,Печерский,кирпич,50.41976824,30.52673565
34067012,88000,95.0,52.1,10.7,11,18,3,Дарницкий,кирпич,50.4123957,30.61390737
34081538,135000,107.7,56.7,19.9,8,18,3,Дарницкий,кирпич,50.42427226,30.64347455
34067067,74999,70.1,38.4,9.4,7,9,3,Подольский,панель,50.51241365,30.43093489
34067111,211200,132.0,101.1,18.6,12,30,1,Черная Гора,монолитно-кирпичный,50.41148566,30.54447445
34081625,259000,113.3,63.0,15.6,2,5,3,Липки,кирпич,50.44639599,30.52319867
34081701,275000,160.0,84.3,25.0,14,16,3,Шулявка,панель,50.45907825,30.45050572
34081584,990000,250.0,166.0,16.0,25,26,4,Оболонь,монолитно-каркасный,50.49948868,30.49727503
34081586,118000,62.0,31.0,27.0,6,10,2,Феофания,кирпич,50.35082525,30.47732755
34081571,65000,34.0,17.0,6.0,1,9,1,Оболонь,кирпич,50.50032591,30.51406454
34059600,46000,36.0,20.0,10.0,10,18,1,Караваевы Дачи,,50.44232732,30.44362484
34081502,49999,34.0,18.1,6.8,9,9,1,Святошинский,кирпич,50.43509965,30.38408496
34081599,330000,85.0,54.0,17.0,10,23,2,Зверинец,кирпич,50.40492918,30.55432172
34080638,170000,84.0,44.2,15.6,25,25,3,Позняки,,50.40396393,30.65003472
34080663,93000,40.0,21.1,7.4,24,25,1,Позняки,,50.40396393,30.65003472
34081585,179000,65.0,21.0,10.0,6,22,2,Черная Гора,кирпич,50.41356245,30.54403705
34081427,83000,51.4,29.0,7.7,5,9,2,Оболонь,панель,50.51655405,30.5161388
34081579,140000,50.0,19.0,13.0,22,26,1,Никольская Слободка,кирпич,50.4606556,30.58325301
34081266,92000,44.0,28.0,6.0,3,9,2,Черепанова гора,кирпич,50.4348773,30.52924421
34085853,80500,55.6,32.4,8.4,1,5,2,Соломянка,кирпич,50.43344056,30.47282044
34081781,79000,45.0,23.7,10.0,19,25,1,Багриновая гора,железобетон,50.37825594,30.54021565
34141928,120000,68.0,16.3,11.0,2,4,1,Черепанова гора,кирпич,50.43669239,30.5163576
34141910,120000,70.0,41.7,8.5,3,9,3,Виноградарь,панель,50.51246235,30.42222757
34141876,75000,53.88,17.09,24.64,20,25,1,Днепровский,кирпич,50.46830076,30.611312
33264794,285000,123.0,75.0,13.0,6,25,3,Саперное Поле,кирпич,50.4273892,30.53279559
33732472,125000,53.3,21.0,18.0,1,26,1,Зверинец,монолитно-каркасный,50.40509686,30.5529998
34141889,119000,40.0,21.1,7.4,12,24,1,Подольский,керамический блок,50.48550504,30.41228772
34141792,240000,81.0,35.0,15.0,6,12,2,Новое строение,кирпич,50.42365749,30.51654266
34141649,158000,56.0,20.0,25.0,12,26,1,Дарницкий,монолитно-каркасный,50.39505869,30.60481019
34141673,165000,87.0,58.0,15.0,21,25,3,Осокорки,кирпич,50.39261407,30.61342765
34141700,350000,62.0,38.0,20.0,4,16,3,Паньковщина,кирпич,50.43480563,30.50852695
34141726,290000,81.0,30.0,30.0,8,25,3,Солдатская Слободка,монолитно-каркасный,50.45155682,30.48740356
34141775,490000,110.0,45.0,28.0,2,23,3,Саперное Поле,кирпич,50.42051738,30.53054827
34141793,280000,82.0,45.0,18.0,14,24,3,Черная Гора,монолитно-каркасный,50.4100752,30.54653482
34141853,245000,95.0,55.0,15.0,4,11,3,Зверинец,кирпич,50.4127336,30.55057156
34141866,320000,123.0,93.0,20.0,4,8,4,Старый Киев,кирпич,50.44878932,30.51927487
34141878,119000,41.0,14.0,19.0,16,21,1,Голосеев,монолитно-каркасный,50.39550051,30.47400017
34141865,118000,41.1,14.0,15.4,5,21,1,Голосеев,железобетон,50.39544385,30.4732346
34140817,53000,61.0,32.1,11.3,5,5,3,Воскресенка,панель,50.48068239,30.59711487
34141815,70000,39.0,15.3,12.2,7,25,1,Оболонский,кирпич,50.48509,30.53276
34141814,55900,39.0,18.0,11.0,9,26,1,Голосеевский,кирпич,50.36100044,30.4419517
34141846,119000,43.2,14.36,23.0,18,25,1,Виноградарь,газоблок,50.49966595,30.42228795
34127797,149000,93.8,56.6,18.0,2,3,3,Зверинец,кирпич,50.41733777,30.54988638
34141797,128000,53.0,27.9,7.0,4,7,2,Голосеевский,кирпич,50.41975863,30.52172943
34141834,117000,91.0,43.8,14.0,3,16,3,Виноградарь,панель,50.50989994,30.41775446
34141818,116700,46.0,15.0,23.0,24,25,1,Виноградарь,газоблок,50.50007899,30.42089114
34141600,210000,76.0,40.0,8.5,2,25,3,Печерск,кирпич,50.42471939,30.5345154
34121813,505000,110.0,70.0,25.0,2,23,2,Саперное Поле,кирпич,50.42049484190071,30.530430981965367
34141774,64000,80.0,42.1,20.0,26,26,2,Дарницкий,кирпич,50.39098599,30.62539246
34141773,80000,35.0,18.4,12.0,3,26,1,Дарницкий,монолит,50.39125766,30.64741398
34141766,112900,70.0,38.0,8.0,4,10,3,Оболонский,кирпич,50.51402608,30.49609793
34141765,142000,67.19,35.4,13.1,4,9,2,Оболонский,кирпич,50.50790391,30.5107051
34141771,157000,74.0,39.0,20.0,9,9,2,Оболонский,кирпич,50.51301103,30.50139316
34141770,52980,32.0,16.9,6.0,8,9,1,Голосеевский,панель,50.3796246,30.45683984
34141764,71000,39.8,21.0,7.9,23,26,1,Дарницкий,монолит,50.39125766,30.64741398
34141772,120000,74.0,58.0,9.0,1,12,3,Оболонский,кирпич,50.51341315,30.50540331
34141768,85000,39.0,20.5,12.4,22,26,1,Дарницкий,кирпич,50.40521901,30.66978368
34141769,85000,43.5,22.9,11.5,12,25,1,Дарницкий,монолит,50.41506992,30.62974059
34141767,95000,64.5,34.0,7.2,2,9,3,Оболонский,панель,50.50147525,30.50494132
34141806,116000,90.5,45.8,14.0,19,25,3,Позняки,керамзитобетон,50.40952823,30.61849274
34141746,75000,72.3,41.6,9.1,4,9,3,Троещина,панель,50.50767809,30.5881476
34141791,115000,44.0,12.0,21.0,1,9,1,Феофания,газоблок,50.34183856,30.47740744
34141744,68000,62.0,32.7,7.0,8,9,3,Воскресенка,панель,50.49343177,30.59851246
34141743,85000,54.0,28.4,11.0,5,5,2,Лукьяновка,кирпич,50.47041982,30.47560683
34141740,76000,44.0,23.2,17.0,16,18,1,Виноградарь,монолитно-каркасный,50.50237874,30.41155489
34141780,113000,43.0,12.29,22.0,15,25,1,Подольский,газоблок,50.50237874,30.41155489
34137646,595000,184.0,110.0,36.0,28,30,5,Зверинец,монолитно-кирпичный,50.41092106,30.54663304
34141733,199000,110.0,57.9,20.4,22,25,3,Сырец,монолитно-каркасный,50.47164331,30.43480857
34141723,125000,61.0,23.0,11.0,5,26,1,Соломенский,кирпич,50.45242042,30.44704166
34137647,595000,184.0,120.0,15.0,28,30,5,Черная Гора,монолитно-кирпичный,50.41092579153553,30.546623686340126
34141756,110000,98.6,45.8,16.0,1,22,3,Позняки,панель,50.41469146,30.63433393
34139759,595000,184.0,100.0,30.0,28,30,5,Черная Гора,монолит,50.41092106,30.54663304
34118118,135000,64.0,46.0,6.0,5,9,3,Черепанова гора,кирпич,50.43504692,30.50935529
34141638,83000,69.0,31.0,15.0,3,4,2,Оболонский,керамический блок,50.5427009,30.49290571
34141684,80000,59.1,40.8,6.8,2,9,3,Минский Массив,панель,50.51946248,30.45905247
34141683,95000,66.0,34.8,10.0,13,25,2,Троещина,монолитно-каркасный,50.52634445,30.62077232
34141362,201400,106.0,58.3,17.4,6,23,3,Зверинец,кирпич,50.404931125383,30.55427405188
34139926,120000,77.0,28.3,21.8,10,26,2,Подольский,газоблок,50.50436413,30.41098881
34140161,42000,36.0,18.9,7.2,9,9,1,Троещина,кирпич,50.53029695,30.61568466
34141671,170000,50.0,15.0,20.0,7,20,1,Соломянка,кирпич,50.43463271,30.48570613
34141687,145000,48.0,25.3,8.9,14,25,1,,,50.41759,30.52916
34141641,148000,63.0,29.5,16.0,9,9,2,Соломенский,монолит,50.39838921,30.47047563
34141669,125000,64.4,18.2,28.6,4,6,1,Голосеевский,монолитно-каркасный,50.37088181,30.55130372
34141653,185000,56.0,30.0,8.0,14,23,1,Татарка,газоблок,50.46349882,30.50306079
34141624,170000,85.0,50.0,15.0,3,24,2,Демеевка,монолитно-каркасный,50.40037302,30.52042086
34137617,330000,235.6,125.8,19.9,14,16,6,Теремки-2,кирпич,50.38878624,30.46492173
34141512,119500,67.1,28.0,17.8,8,17,2,Виноградарь,пеноблок,50.50089635,30.42261922
34138266,86000,45.0,10.0,12.0,2,5,1,Сырец,монолитный железобетон,50.48080354,30.42908939
34138267,86000,46.0,10.0,12.0,3,5,1,Сырец,монолитный железобетон,50.48080354,30.42908939
34141557,113000,98.0,52.0,12.0,20,22,3,Троещина,панель,50.53101709,30.62704865
34141594,160000,45.0,18.0,8.0,10,21,1,Саперное Поле,кирпич,50.41500125,30.52603614
34141586,95000,32.0,24.0,3.5,1,14,1,Старый Киев,кирпич,50.4551142,30.51338345
34141584,195000,110.0,60.0,30.0,12,26,3,Голосеев,газоблок,50.38325378,30.48545375
34140841,90000,70.0,45.0,8.4,2,5,3,Соломенский,кирпич,50.42699555,30.46199782
34141589,165000,68.1,27.8,11.9,2,16,2,Соломенский,монолит,50.43504861,30.40490534
34141575,154900,42.0,10.0,21.0,5,26,1,Дарницкий,монолит,50.41389284,30.5992752
34141578,170000,77.8,43.9,13.7,21,26,2,Соломянка,монолит,50.43101351,30.47787765
34141562,195000,72.0,40.0,12.0,2,19,2,Оболонь,кирпич,50.51364331,30.50392034
34141561,165000,85.0,37.0,10.0,4,9,2,Паньковщина,,50.43523641,30.50714782
34141545,164000,62.8,48.0,12.0,7,8,2,Липки,кирпич,50.43991561,30.52420085
34135748,850000,213.0,178.0,23.0,3,4,4,Зверинец,,50.4219601,30.5596206
34135881,905000,237.0,168.0,22.0,2,4,4,Зверинец,,50.4219601,30.5596206
34135941,950000,211.0,167.0,21.0,1,4,4,Зверинец,,50.4219601,30.5596206
34141481,118000,67.9,38.6,10.6,2,25,2,Новая Дарница,газоблок,50.42573877,30.6517385
34141440,59500,60.1,38.2,7.9,8,9,3,Лесной Массив,панель,50.46822,30.631489
34141514,160000,82.0,40.0,22.0,6,11,2,Турецкий городок,кирпич,50.41454964,30.46484265
34141484,129500,65.0,34.2,18.0,4,9,2,Голосеевский,кирпич,50.35082525,30.47732755
34141485,120000,68.0,35.8,11.0,2,4,1,Голосеевский,кирпич,50.44149953,30.51957763
34141534,105000,51.0,26.9,15.0,19,23,1,Соломянка,кирпич,50.4283303,30.47787324
34141466,60000,50.0,26.3,11.0,16,16,1,Приорка,монолитно-каркасный,50.51165956,30.45578993
34141517,155000,50.0,25.0,10.0,8,8,2,Старый Киев,кирпич,50.44878932,30.51927487
34141526,69500,69.0,44.0,9.0,9,16,3,Виноградарь,кирпич,50.51399207,30.4240441
34141522,72500,47.9,30.4,6.0,5,5,2,Александровская Слободка,кирпич,50.42327336,30.47825174
34141515,148999,38.0,15.0,11.0,5,16,1,Нивки,,50.4684812,30.40085694
34141446,160000,85.0,34.4,40.0,2,10,3,Черепанова гора,кирпич,50.42886329,30.52288759
34141510,79900,50.0,29.0,7.0,5,5,2,Подол,кирпич,50.47261496,30.51448351
34141448,140000,73.0,37.0,13.0,9,19,2,Саперная Слободка,кирпич,50.39713469,30.53049969
34141479,127000,50.0,21.0,18.0,1,7,1,Липки,кирпич,50.44943066,30.5299076
34141503,79990,33.0,10.0,23.0,6,16,1,Чоколовка,керамический блок,50.41452807,30.45603087
34118119,110000,67.0,35.0,10.0,17,25,2,Воскресенка,монолитно-каркасный,50.468808,30.60308256
34130293,105000,51.0,15.5,20.0,8,16,1,Святошино,монолитно-каркасный,50.44716896,30.3822923
34249268,126900,41.0,21.6,19.0,19,26,1,Подольский,газоблок,50.50640127,30.4091167
34248428,600000,127.0,60.0,20.0,14,19,3,Шевченковский,керамический блок,50.45200542,30.50365904
32432435,58050,40.0,21.1,7.4,20,24,1,Позняки,монолитно-каркасный,50.4183823,30.62066016
32432458,89354,71.0,37.4,13.1,22,24,3,Позняки,монолитно-каркасный,50.4183823,30.62066016
32432376,96599,71.0,37.4,13.1,14,24,3,Позняки,монолитно-каркасный,50.4183823,30.62066016
32432365,90964,71.0,37.4,13.1,14,24,3,Позняки,монолитно-каркасный,50.4183823,30.62066016
32432285,81633,60.0,31.6,11.1,6,24,2,Позняки,монолитно-каркасный,50.4183823,30.62066016
32432293,57483,39.0,20.5,7.2,7,24,1,Позняки,монолитно-каркасный,50.4183823,30.62066016
32432280,57483,39.0,20.5,7.2,6,24,1,Позняки,монолитно-каркасный,50.4183823,30.62066016
32432286,58367,39.0,20.5,7.2,6,24,1,Позняки,монолитно-каркасный,50.4183823,30.62066016
32432290,94184,71.0,37.4,13.1,7,24,3,Позняки,монолитно-каркасный,50.4183823,30.62066016
32432291,56871,38.0,20.0,7.0,7,24,1,Позняки,монолитно-каркасный,50.4183823,30.62066016
32432256,94184,71.0,37.4,13.1,4,24,3,Позняки,монолитно-каркасный,50.4183823,30.62066016
32432266,94184,71.0,37.4,13.1,5,24,3,Позняки,монолитно-каркасный,50.4183823,30.62066016
34249249,75000,81.85,42.65,12.2,9,24,3,Теремки-2,монолитно-каркасный,50.3790032,30.46627087
34249248,59500,34.13,18.0,10.57,10,25,1,Дарницкий,монолит,50.39336431,30.60472881
34118449,79000,103.0,68.0,7.0,1,9,5,Троещина,керамзитобетон,50.50304941,30.58531451
34249195,179000,64.2,41.4,6.6,9,15,2,Саперное Поле,кирпич,50.41954741,30.53223412
34249205,132000,65.0,32.0,13.0,9,24,2,Шевченковский,кирпич,50.45258168,30.47361911
34249193,59500,43.0,29.0,7.0,5,9,2,Русановка,кирпич,50.44473082,30.59172176
34249184,68000,36.8,16.7,5.5,24,25,1,Голосеев,керамический блок,50.39141283,30.48608648
34249168,75000,50.0,26.3,9.0,26,26,2,Минский Массив,монолитно-каркасный,50.52685815,30.45709633
33741690,82000,63.4,45.0,6.4,9,9,3,Чоколовка,кирпич,50.42483478,30.45814814
33949400,53926,38.05,20.0,7.0,1,16,1,Феофания,монолитно-каркасный,50.3518168,30.48329476
33949428,138150,101.54,53.5,18.8,1,16,3,Феофания,монолитно-каркасный,50.3518168,30.48329476
33949409,60060,42.72,22.5,7.9,1,16,1,Феофания,монолитно-каркасный,50.3518168,30.48329476
33949407,56953,40.51,21.3,7.5,1,16,1,Феофания,монолитно-каркасный,50.3518168,30.48329476
33949414,59498,42.32,22.3,7.8,1,16,1,Феофания,монолитно-каркасный,50.3518168,30.48329476
34244343,77000,48.3,20.0,11.0,9,20,1,Святошино,кирпич,50.45248893,30.38731117
34249047,120000,90.3,46.5,14.1,10,16,3,Шевченковский,,50.48402263,30.45194906
34249028,240000,181.0,127.1,17.2,28,29,4,Позняки,кирпич,50.40751665,30.63512934
34249001,79000,78.0,45.82,13.0,19,25,2,Оболонский,панель,50.49697794,30.46727607
34248993,49499,39.3,17.0,11.3,14,27,1,Багриновая гора,газоблок,50.38861098,30.5482864
34248862,145000,82.6,43.5,19.7,11,23,2,Татарка,газоблок,50.4636246,30.50351879
34248991,98000,62.0,22.0,21.0,5,24,1,Беличи,кирпич,50.45843256,30.3524744
34248979,85000,68.0,41.9,9.2,3,10,3,Мостицкий Массив,панель,50.5023541,30.44946538
33941007,105000,101.0,56.2,17.2,9,22,2,Троещина,панель,50.50062232,30.57900609
34248885,44000,43.5,29.2,5.5,1,5,2,Дарницкий,кирпич,50.42858048,30.6475573
34243648,54000,27.6,13.0,5.2,9,9,1,Оболонь,кирпич,50.51730326,30.50306121
34243642,375000,134.8,86.5,13.3,7,26,4,Оболонь,монолитно-кирпичный,50.51360359,30.50029544
34243560,100000,67.8,45.1,6.8,1,4,3,Первомайский Массив,кирпич,50.43225017,30.45880293
34248799,45500,44.0,19.0,8.0,2,10,1,Троещина,панель,50.53251193,30.60044169
34241234,146500,47.4,11.0,20.4,4,9,1,Подольский,кирпич,50.47948787,30.53535058
34248609,50000,60.0,41.0,7.0,9,9,3,Березняки,панель,50.42831605,30.59750679
34248777,83000,44.0,21.0,7.8,4,4,2,Днепровский,панель,50.43297068,30.60369149
34248776,60000,47.7,21.0,11.8,8,8,1,Дарницкий,кирпич,50.42361568,30.64090604
34248782,390000,86.0,60.0,20.0,6,30,2,Новое строение,,50.43501028,30.51219469
34243504,555000,184.2,124.1,34.1,23,25,2,Новое строение,керамический блок,50.4229707,30.51700811
34243484,128000,40.9,10.0,18.3,19,26,1,Подольский,газоблок,50.50640127,30.4091167
34243482,195000,68.5,43.5,11.2,9,15,2,Саперное Поле,кирпич,50.41954741,30.53223412
34248756,90000,41.0,24.0,8.0,2,5,1,Зверинец,кирпич,50.4192974,30.5485524
33166144,95000,66.1,30.4,16.5,4,4,2,Оболонский,керамический блок,50.54220098,30.49422569
34243408,206000,79.5,29.8,25.1,9,23,2,Шулявка,кирпич,50.45406833,30.45184682
34243366,108000,44.1,14.1,18.2,13,18,1,Сырец,кирпич,50.47185932,30.44193443
34243310,57000,53.2,32.4,8.0,1,16,2,,панель,50.47492443,30.62836963
34243294,80000,49.5,18.6,10.5,2,24,1,Харьковский Массив,кирпич,50.40690442,30.67409649
34248698,51000,43.0,22.6,9.0,19,22,1,Троещина,,50.52268427,30.61604372
34248591,250000,56.1,18.5,22.6,17,19,1,Саперное Поле,монолитно-кирпичный,50.41629403,30.52557448
34243292,39500,45.6,30.8,5.6,4,5,2,Отрадный,панель,50.42874568,30.41907811
34243298,100000,51.0,16.3,24.6,6,25,1,Северно-Броварский Масив,кирпич,50.46830076,30.611312
34248645,160000,61.0,32.1,20.0,18,21,2,Голосеев,монолит,50.39421371,30.47291931
34248643,250000,85.0,44.8,21.5,16,16,2,Соцгород,газоблок,50.43255291,30.61771347
34243141,74990,45.9,29.8,7.6,2,5,2,Черная Гора,кирпич,50.40786719,30.55155827
34248631,115000,42.0,17.8,10.3,10,26,1,Оболонь,кирпич,50.50094864,30.49462127
34248618,110000,68.8,40.0,9.6,13,14,3,Новое строение,кирпич,50.4157769,30.52092188
34248627,66000,34.7,14.2,11.0,2,5,1,Теремки-2,кирпич,50.3905448,30.46254667
34248612,595000,185.0,106.0,22.0,17,23,5,Березняки,керамический блок,50.40182566,30.61404883
34248554,680000,130.0,80.0,18.0,11,23,4,Черная Гора,монолит,50.40758516,30.54363562
34248583,100000,93.0,47.0,12.0,15,16,3,Дарницкий,кирпич,50.39330122,30.64749928
34237850,155000,74.3,30.9,24.1,10,26,2,Кудрявец,кирпич,50.46105627,30.49170805
34248569,250000,56.1,18.5,22.6,17,19,1,Саперное Поле,кирпич,50.41629403,30.52557448
33366524,64500,57.0,35.0,6.5,6,9,3,Лесной Массив,панель,50.473503,30.638873
34248348,99000,87.0,55.0,9.0,15,16,4,Теремки-1,панель,50.36193766,30.46433538
34248525,117000,42.7,15.1,16.8,11,26,1,Оболонский,монолитно-каркасный,50.48509,30.53276
34242535,113000,57.6,33.6,7.2,2,4,1,Черепанова гора,кирпич,50.43669239,30.5163576
34248535,46000,31.7,16.7,5.9,4,5,1,Ветряные Горы,кирпич,50.51447761,30.45038864
34242373,103000,57.3,34.7,9.3,1,5,2,Кудрявец,кирпич,50.45395672,30.49419703
34248537,401000,130.0,82.0,37.0,15,19,4,Черная Гора,монолит,50.40710844,30.54388235
34248528,110000,68.8,40.0,9.6,13,14,3,Новое строение,кирпич,50.4157769,30.52092188
34225730,95000,44.2,15.6,10.7,2,24,1,Академгородок,керамический блок,50.4701895,30.362684
34231611,55000,48.0,29.0,7.0,9,9,2,Старая Дарница,,50.44007718,30.64095563
34248507,48000,45.6,30.7,7.8,5,5,2,Днепровский,панель,50.44750207,30.61908938
34093185,79990,103.2,59.4,16.4,1,12,3,Соломенский,монолитно-каркасный,50.44163622662208,30.43884120569186
34248496,129700,65.0,30.0,14.1,7,22,2,Позняки,кирпич,50.40999351,30.61582395
34248471,33000,30.0,15.8,6.0,3,5,1,Нивки,,50.48007775,30.39848828
34248442,260000,190.0,116.0,40.0,7,10,5,Саперное Поле,кирпич,50.42113398,30.52523484
34183390,132000,45.2,35.0,10.0,7,23,1,Соломенский,,50.39158031,30.46698139
23553009,315000,107.0,40.0,40.0,5,17,3,Голосеевский,кирпич,50.43480563,30.50852695
25494472,345500,164.0,106.0,30.0,4,10,4,Оболонский,кирпич,50.5116309,30.50935024
33639664,130000,64.8,30.8,10.0,2,25,2,Сырец,железобетон,50.46554389,30.42982174
31750401,102000,36.6,25.0,11.0,8,27,1,Днепровский,кирпич,50.39387012,30.6526016
24016438,1350000,254.0,120.0,45.0,20,31,5,Печерский,кирпич,50.41982184,30.53335514
34248356,165000,116.6,80.5,9.9,4,16,4,Северно-Броварский Масив,кирпич,50.45802273,30.60909989
24031357,360000,67.0,30.0,17.0,7,25,2,Оболонский,кирпич,50.51360359,30.50029544
34248367,108000,64.1,26.3,17.2,22,26,2,Подольский,кирпич,50.49117884,30.42157245
34226297,129900,85.8,56.6,6.2,22,25,3,Харьковский Массив,кирпич,50.4082652,30.671862
34248258,80000,60.0,35.0,17.0,11,23,1,Проспект Науки,монолитно-каркасный,50.38137081,30.53243424
34244433,35000,29.4,14.8,6.7,4,5,1,Воскресенка,панель,50.47286063,30.60134876
34248310,215000,123.0,54.0,37.0,12,15,3,Мышеловка,кирпич,50.37820284,30.53517941
26178820,240000,192.0,112.0,21.0,16,17,5,Печерский,кирпич,50.42605416,30.53277822
34247544,79000,78.0,41.1,12.0,19,25,2,Подольский,панель,50.49780968,30.46750479
24650638,1400000,308.0,100.0,20.0,5,6,4,Липки,кирпич,50.44144763,30.52590583
34247527,255000,130.0,104.0,15.0,19,19,3,Никольская Слободка,монолитно-кирпичный,50.4624134,30.5889909
24773862,450000,145.0,80.0,35.0,8,8,2,Шевченковский,кирпич,50.4519005,30.4912223
34247491,118000,41.5,13.0,17.8,16,23,1,Подольский,газоблок,50.5024812,30.41012675
24802951,350000,123.0,100.0,23.0,12,25,3,Соломенский,кирпич,50.42982967,30.4843926
33126405,190000,120.0,63.2,20.0,19,23,4,Осокорки,кирпич,50.39221261,30.62645821
34247465,300000,95.0,50.0,17.6,7,26,2,Северно-Броварский Масив,монолитно-кирпичный,50.47008503,30.6111973
34242398,79000,43.1,27.0,6.0,3,9,2,Оболонь,панель,50.49803589,30.50700248
34247463,119500,44.0,12.0,21.0,15,26,1,Чоколовка,монолит,50.42299317,30.4564079
34106855,95000,66.0,28.0,19.0,24,24,2,Дарницкий,керамзитобетон,50.42015795,30.61159872
34247454,135000,78.8,46.1,11.2,9,18,2,Теремки-2,монолитно-каркасный,50.38990661,30.46517375
34247446,96000,54.3,28.0,17.0,14,17,2,Чоколовка,керамический блок,50.41481529,30.45607969
34247425,78500,40.0,18.5,7.0,4,9,1,Печерск,кирпич,50.43657712,30.54052612
34247415,250000,100.0,52.7,30.0,8,26,4,Дарницкий,монолитно-кирпичный,50.39729683,30.5996724
34247412,167000,76.0,40.0,20.0,4,7,1,Зверинец,кирпич,50.420135,30.553537
34247379,155000,55.8,20.0,10.0,13,23,1,Позняки,керамический блок,50.40205826,30.61267664
34145234,158134,139.4,73.4,25.8,1,5,3,Феофания,монолитно-каркасный,50.34545442,30.47799561
34145231,172467,145.7,76.7,27.0,1,5,3,Феофания,монолитно-каркасный,50.34545442,30.47799561
34145232,118497,92.3,48.6,17.1,1,5,2,Феофания,монолитно-каркасный,50.34545442,30.47799561
34145233,131846,85.7,45.1,15.9,1,5,2,Феофания,монолитно-каркасный,50.34545442,30.47799561
34247419,240000,155.8,85.8,17.2,27,29,4,Позняки,,50.40751665,30.63512934
34247376,77000,47.0,22.0,14.0,24,26,1,Дарницкий,монолітно-цегляний,50.40611533,30.67089509
34247375,74900,69.0,46.0,8.0,12,12,3,Святошинский,панель,50.47073512,30.33322032
34247374,77000,47.0,22.0,14.0,24,26,1,Дарницкий,монолітно-цегляний,50.40611533,30.67089509
34247371,77000,47.0,22.0,14.0,24,26,1,Дарницкий,монолітно-цегляний,50.40611533,30.67089509
34247369,77000,47.0,22.0,14.0,24,26,1,Дарницкий,монолітно-цегляний,50.40611533,30.67089509
34247373,74900,69.0,46.0,8.0,12,12,3,Святошинский,панель,50.47073512,30.33322032
34247368,74900,69.0,46.0,8.0,12,12,3,Святошинский,панель,50.47073512,30.33322032
34247365,74900,69.0,46.0,8.0,12,12,3,Святошинский,панель,50.47073512,30.33322032
34247366,74900,69.0,46.0,8.0,12,12,3,Святошинский,панель,50.47073512,30.33322032
34247370,77000,47.0,22.0,14.0,24,26,1,Дарницкий,монолітно-цегляний,50.40611533,30.67089509
34247372,77000,47.0,22.0,14.0,24,26,1,Дарницкий,монолітно-цегляний,50.40611533,30.67089509
34247367,74900,69.0,46.0,8.0,12,12,3,Святошинский,панель,50.47073512,30.33322032
34247380,250000,80.0,56.0,15.0,21,26,2,Никольская Слободка,монолитно-кирпичный,50.46069958,30.58422839
34247355,90000,41.0,21.6,8.0,2,5,2,Зверинец,кирпич,50.41723007,30.55500513
34247403,95000,44.0,23.2,11.0,2,24,1,Академгородок,керамический блок,50.47100766,30.36302125
34220436,75000,53.0,40.0,9.0,3,12,2,Виноградарь,панель,50.5091865,30.41255118
34247382,65000,33.0,17.4,10.0,12,13,2,Шулявка,панель,50.44964424,30.42125257
34247362,240000,155.8,85.8,17.2,27,29,4,Позняки,,50.40826374,30.63511188
34247039,462000,132.0,51.0,30.0,18,23,4,Саперное Поле,керамический кирпич,50.41976824,30.52673565
34247344,235000,104.0,57.4,11.2,4,25,3,Солдатская Слободка,кирпич,50.45482259,30.48680535
34247340,57000,33.0,15.0,7.0,8,9,1,Сырец,панель,50.47655848,30.43494771
34247337,105000,68.8,40.0,9.6,13,14,3,Новое строение,кирпич,50.4157769,30.52092188
34247288,52700,33.4,23.8,5.0,4,6,1,Беличи,газоблок,50.46559725,30.33548802
34247304,125000,78.0,48.0,11.5,3,12,2,Турецкий городок,монолитно-каркасный,50.41573695,30.4633614
34247233,139900,75.28,39.6,18.0,24,25,2,Приорка,панель,50.51069995,30.46646556
34247156,115000,50.0,26.3,9.3,6,19,1,Соломянка,кирпич,50.4339793,30.47864116
34247289,250000,56.1,18.5,22.6,18,21,1,Черепанова гора,,50.41629403,30.52557448
34247294,223000,71.0,30.0,30.0,22,25,2,Саперное Поле,кирпич,50.41667046,30.53052041
34247263,68000,69.7,42.0,7.0,5,9,3,Деснянский,панель,50.50944013,30.61103483
34240177,137000,83.7,44.3,19.2,7,13,2,Голосеевский,монолитно-кирпичный,50.38569275015896,30.46280637235323
34247273,55000,36.0,19.0,8.0,1,16,1,Виноградарь,кирпич,50.5122051,30.4131798
34247277,130000,56.1,15.3,23.4,20,34,1,Шулявка,монолит,50.4470615,30.48661161
34246976,450000,36.0,19.0,6.7,11,25,1,Осокорки,,50.38986502,30.62566577
34247022,89500,75.0,35.0,19.0,16,18,2,Позняки,монолитно-каркасный,50.40371616,30.63018464
34247292,82000,53.0,27.9,10.0,2,18,2,Новобеличи,панель,50.47805991,30.33925843
34246989,77000,41.8,17.4,9.0,12,25,1,Осокорки,монолитно-каркасный,50.39025886,30.62642788
34246093,90000,74.0,42.0,12.0,7,7,3,Осокорки,панель,50.38949732,30.63127773
34247214,299000,75.0,60.0,20.0,2,22,3,Лукьяновка,кирпич,50.46599906,30.46171526
34239210,300000,48.5,18.3,13.3,10,18,1,Черная Гора,монолитно-каркасный,50.41271195,30.54562625
34247102,210000,133.0,83.0,14.2,21,26,4,Позняки,кирпич,50.39988776,30.61854695
34156583,73000,58.5,38.0,10.8,5,5,2,Быковня,газоблок,50.47906685,30.67169752
34247257,79500,40.0,21.1,7.6,6,9,1,Беличи,панель,50.46325257,30.35093295
34247125,76000,36.5,19.2,8.5,12,25,1,Осокорки,железобетон,50.3905768,30.63036067
34247167,52000,52.6,27.7,8.0,9,9,2,Харьковский Массив,панель,50.40825153,30.66437786
34246985,97500,76.0,36.0,12.0,11,25,2,Троещина,панель,50.53217717,30.62707623
34247203,350000,135.5,47.5,68.9,5,17,3,Печерск,монолит,50.4118681,30.54564221
34247199,350000,135.5,47.5,68.9,5,17,3,Печерск,монолит,50.4118681,30.54564221
34247198,280000,88.8,41.0,27.0,11,24,2,Черная Гора,кирпич,50.40849752,30.54200733
34247196,280000,88.8,41.0,27.0,11,24,2,Черная Гора,кирпич,50.40849752,30.54200733
34247197,280000,88.8,41.0,27.0,11,24,2,Черная Гора,кирпич,50.40849752,30.54200733
34247195,280000,88.8,41.0,27.0,11,24,2,Черная Гора,кирпич,50.40849752,30.54200733
34247193,280000,88.8,41.0,27.0,11,24,2,Черная Гора,кирпич,50.40849752,30.54200733
34247194,280000,88.8,41.0,27.0,11,24,2,Черная Гора,кирпич,50.40849752,30.54200733
34247106,111900,42.0,13.0,21.0,24,25,1,Подольский,железобетон,50.50378773,30.40908037
34247104,168000,78.0,34.0,17.0,16,21,2,Подольский,кирпич,50.49887497,30.42405525
34247185,500000,150.0,70.0,15.0,6,23,3,Черная Гора,кирпич,50.4092972,30.5438913
34247184,500000,150.0,70.0,15.0,6,23,3,Черная Гора,кирпич,50.4092972,30.5438913
34247183,500000,150.0,70.0,15.0,6,23,3,Черная Гора,кирпич,50.4092972,30.5438913
34247180,500000,150.0,70.0,15.0,6,23,3,Черная Гора,кирпич,50.4092972,30.5438913
34247179,500000,150.0,70.0,15.0,6,23,3,Черная Гора,кирпич,50.4092972,30.5438913
34247178,500000,150.0,70.0,15.0,6,23,3,Черная Гора,кирпич,50.4092972,30.5438913
34246990,170000,70.0,45.0,13.0,12,17,2,Паньковщина,кирпич,50.43766006,30.4998081
34247154,69999,42.0,22.1,10.0,4,4,2,Беличи,панель,50.46557139,30.33580698
34247065,68000,45.4,23.9,5.3,8,8,2,Днепровский,панель,50.43733301,30.63081684
34247067,114900,63.55,33.5,11.8,4,9,3,Оболонский,кирпич,50.50190647,30.50540827
34247066,95000,64.0,33.7,7.0,2,9,3,Оболонский,кирпич,50.50116838,30.5061272
34234086,216000,115.5,52.4,22.2,24,25,3,Соломянка,кирпич,50.43594949,30.47864128
34240042,214000,133.5,85.5,24.0,14,26,4,Зверинец,монолитно-каркасный,50.40509686,30.5529998
34231610,48000,42.0,22.0,8.0,5,5,2,Вышгородский Массив,кирпич,50.51656486,30.45020754
34247126,49000,30.0,18.0,7.0,1,9,1,Оболонь,панель,50.51713246,30.49761353
34247117,250000,56.1,18.5,22.6,18,19,1,Саперное Поле,,50.41629403,30.52557448
34245951,58000,30.94,18.7,5.6,4,5,1,Отрадный,панель,50.44605347,30.41999155
34242858,56000,51.4,16.8,13.1,1,9,1,Оболонь,панель,50.50879095,30.48577124
34247007,250000,56.1,18.5,22.6,18,21,1,Саперное Поле,кирпич,50.41624191,30.52623421
34242817,70000,66.1,39.6,7.2,7,12,3,Северно-Броварский Масив,панель,50.458458,30.61076008
34247014,132000,68.0,42.0,10.0,1,16,3,Оболонь,панель,50.49375659,30.51664054
34245432,440000,118.0,65.0,30.0,4,8,4,Подол,кирпич,50.45789843,30.51081756
34241769,115000,90.4,38.4,19.9,18,28,2,Позняки,,50.40016917,30.62833816
34246968,250000,56.1,18.5,22.6,18,19,1,Черепанова гора,,50.41624191310449,30.52623420507973
34246982,91500,97.0,46.0,12.0,17,22,3,Позняки,панель,50.41638075,30.62933533
34246978,129000,64.5,34.0,11.9,13,17,2,Демеевка,кирпич,50.40612972,30.50957643
34246859,214000,133.5,85.5,24.0,14,26,4,Зверинец,монолитно-каркасный,50.40519616,30.55267483
34246950,130000,89.5,47.1,15.4,23,25,2,Березняки,монолит,50.42651132,30.60332718
34239890,630000,93.5,34.5,27.2,18,34,2,Саперное Поле,кирпич,50.41982184,30.53335514
34234238,120000,51.6,15.74,24.09,8,25,1,Кудрявец,монолитно-каркасный,50.462003,30.49118435
34239088,160000,92.7,48.8,27.0,19,25,3,Подольский,,50.50517957,30.41148193
34239335,430000,182.8,103.5,20.0,7,13,4,Печерск,кирпич,50.42445351,30.54467372
34235172,79000,63.2,43.0,7.6,5,9,3,Святошинский,кирпич,50.47350164,30.33644366
34246835,155000,60.0,43.0,8.0,7,14,2,Печерск,кирпич,50.43868205,30.54519102
34246845,530000,84.0,40.0,20.0,24,34,2,Саперное Поле,кирпич,50.41982184,30.53335514
34246823,75000,41.0,21.6,7.3,20,25,1,Осокорки,панель,50.39025886,30.62642788
34238430,119000,37.0,23.8,1.9,19,30,1,Черная Гора,монолитно-каркасный,50.41148566,30.54447445
34246777,130000,58.0,22.0,14.0,2,26,2,Теличка,газоблок,50.39294781,30.55786044
34246808,159900,90.0,50.0,18.0,3,30,2,Черная Гора,монолитно-кирпичный,50.41148566,30.54447445
34246804,370000,67.0,20.0,22.0,20,34,1,Саперное Поле,кирпич,50.41982184,30.53335514
34241685,72000,51.0,18.0,10.0,25,25,1,Подольский,газоблок,50.49788389,30.42698461
34246801,55000,45.0,23.7,6.0,8,9,2,Новобеличи,панель,50.46859579,30.33133225
34246794,198700,125.0,68.0,16.0,3,14,4,,кирпич,50.39456117,30.64640227
34246770,115000,75.0,45.0,9.0,8,12,3,Беличи,панель,50.46788787,30.33322566
34246749,110000,87.1,48.0,15.0,11,12,4,Теремки-1,панель,50.36271845,30.46197638
34246728,89000,60.21,23.19,19.2,14,15,2,Соломенский,кирпич,50.41452807,30.45603087
34246723,90000,47.0,24.0,5.0,3,5,3,Соломенский,кирпич,50.43463231,30.45005591
34246724,89000,62.3,31.0,9.0,1,10,2,Шевченковский,кирпич,50.4581277,30.4606098
34246722,2855000,19.5,14.0,6.0,13,15,1,Голосеевский,кирпич,50.39421371,30.47291931
34246708,3600000,59.0,30.0,6.0,4,5,3,Соломенский,кирпич,50.42577341,30.41889397
34246710,1850000,33.0,17.0,7.5,1,9,1,Святошинский,кирпич,50.43782241,30.37935035
34246711,79000,52.3,56.0,21.7,25,25,1,Соломенский,кирпич,50.42320285,30.45493548
34246712,75000,51.0,26.0,13.5,4,4,1,Шевченковский,кирпич,50.47090263,30.40660406
34246785,170000,90.0,63.0,18.0,9,9,3,Жуляны,газоблок,50.39722556,30.46899192
34246695,235000,71.0,48.0,15.0,18,25,2,Соломенский,монолітно-цегляний,50.43514125,30.47692731
34246697,196000,76.0,48.0,13.0,3,8,2,Соломенский,монолітно-цегляний,50.43550043,30.47842313
34246696,99000,57.0,32.0,13.0,1,16,2,Дарницкий,монолітно-цегляний,50.40662913,30.62249554
34246698,82000,55.0,38.0,7.0,3,5,3,Шевченковский,цегла,50.46170627,30.41139736
34246699,210000,82.0,48.0,22.0,12,26,2,Печерский,монолітно-цегляний,50.40519616,30.55267483
34246694,210000,82.0,48.0,22.0,12,26,2,Печерский,монолітно-цегляний,50.40519616,30.55267483
34246691,210000,82.0,48.0,22.0,12,26,2,Печерский,монолітно-цегляний,50.40519616,30.55267483
34246686,196000,76.0,48.0,13.0,3,8,2,Соломенский,монолітно-цегляний,50.43550043,30.47842313
34246688,196000,76.0,48.0,13.0,3,8,2,Соломенский,монолітно-цегляний,50.43550043,30.47842313
34246690,210000,82.0,48.0,22.0,12,26,2,Печерский,монолітно-цегляний,50.40519616,30.55267483
34246684,196000,76.0,48.0,13.0,3,8,2,Соломенский,монолітно-цегляний,50.43550043,30.47842313
34246692,210000,82.0,48.0,22.0,12,26,2,Печерский,монолітно-цегляний,50.40519616,30.55267483
34246687,196000,76.0,48.0,13.0,3,8,2,Соломенский,монолітно-цегляний,50.43550043,30.47842313
34246689,210000,82.0,48.0,22.0,12,26,2,Печерский,монолітно-цегляний,50.40519616,30.55267483
34246685,196000,76.0,48.0,13.0,3,8,2,Соломенский,монолітно-цегляний,50.43550043,30.47842313
34246683,235000,71.0,48.0,15.0,18,25,2,Соломенский,монолітно-цегляний,50.43514125,30.47692731
34246782,25000,25.8,13.6,4.8,3,5,1,Отрадный,кирпич,50.4324189,30.43359595
34246682,82000,55.0,38.0,7.0,3,5,3,Шевченковский,цегла,50.46170627,30.41139736
34246681,82000,55.0,38.0,7.0,3,5,3,Шевченковский,цегла,50.46170627,30.41139736
34246680,82000,55.0,38.0,7.0,3,5,3,Шевченковский,цегла,50.46170627,30.41139736
34246550,90000,41.5,18.0,9.0,19,24,1,Оболонь,керамический блок,50.52640772,30.50017226
34246595,59000,70.0,42.0,7.0,7,9,3,Троещина,панель,50.50337961,30.60162921
34243830,117500,44.0,23.2,25.0,14,25,1,Подольский,газоблок,50.50276576,30.40827602
34246491,96000,72.0,27.0,17.7,7,26,2,Подольский,газоблок,50.49305654,30.41904835
34246534,119000,40.0,11.0,21.0,30,33,1,Дарницкий,монолитно-каркасный,50.39489769,30.60386192
34246536,60000,34.7,18.3,8.4,6,16,1,Беличи,кирпич,50.45560914,30.34229696
34245547,150000,105.0,64.0,18.0,14,17,3,Теремки-2,монолитно-каркасный,50.37950951,30.46269828
34246521,130000,50.2,20.0,16.0,7,15,1,Голосеевский,кирпич,50.39312036,30.49155572
34246544,39800,26.0,18.95,4.0,3,4,1,Беличи,кирпич,50.46649,30.34057
34246462,650000,103.0,40.0,35.0,5,30,3,Черная Гора,кирпич,50.40845113,30.54383655
34246500,73000,45.5,29.6,8.1,5,5,2,Ветряные Горы,кирпич,50.51306164,30.43839473
34246476,185000,100.0,50.0,22.0,6,6,3,Голосеевский,кирпич,50.34974176,30.47469829
34226830,86000,43.1,22.7,6.8,5,9,2,Лесной Массив,панель,50.476268,30.628602
34246518,1850000,33.0,17.4,7.5,1,9,1,Борщаговка,панель,50.43782241,30.37935035
34246478,160000,40.0,21.1,10.0,11,21,1,Черепанова гора,кирпич,50.41624191,30.52623421
34220255,129900,140.1,113.0,13.3,10,10,4,Академгородок,кирпич,50.45985226,30.35915697
34246479,125000,39.0,20.5,11.0,13,23,1,Шулявка,железобетон,50.45139567,30.46818017
34246459,90000,78.39,41.3,8.5,13,16,3,Троещина,панель,50.52623699,30.60742661
34246470,131000,42.0,28.0,15.0,8,21,1,Голосеев,монолитно-каркасный,50.39550051,30.47400017
34246371,69000,38.0,20.0,5.4,5,5,2,Первомайский Массив,панель,50.43549623,30.45066744
34246415,69000,38.0,24.1,5.4,5,5,2,Первомайский Массив,панель,50.43549623,30.45066744
34246441,60000,43.0,30.0,11.0,8,18,1,Харьковский Массив,,50.42188144,30.64142115
34246433,150000,104.1,44.5,28.2,10,26,3,Новобеличи,монолит,50.47798857,30.34028642
34246384,90000,41.0,21.6,8.0,2,5,1,Печерск,кирпич,50.4171461,30.5548198
34246420,195000,80.0,42.1,20.0,23,25,3,Осокорки,кирпич,50.39608959,30.59873059
34246402,130000,53.7,21.8,12.5,8,19,1,Черная Гора,кирпич,50.41518831,30.54416971
34246355,57000,55.0,40.0,10.2,1,5,3,Шевченковский,кирпич,50.4695248,30.40722816
34246377,101000,32.0,15.0,15.0,7,30,1,Черная Гора,кирпич,50.41148566,30.54447445
34246393,110000,64.0,30.4,12.0,17,25,2,Осокорки,монолитно-каркасный,50.39152364,30.62974998
34238212,178000,113.9,62.0,17.2,2,29,3,Позняки,монолитно-кирпичный,50.40720055,30.63670263
34246372,195000,94.0,51.0,11.0,23,25,3,Позняки,кирпич,50.40899944,30.62644932
34246373,139000,61.1,32.2,10.0,5,25,2,Дарницкий,кирпич,50.39798798,30.5990027
34246385,38000,26.7,14.1,26.7,4,27,1,Новобеличи,газоблок,50.4735432,30.3545477
34246316,132000,67.5,43.5,8.1,3,3,3,Оболонский,кирпич,50.49375659,30.51664054
34246319,84000,46.0,24.2,20.0,15,17,1,Соломенский,кирпич,50.42920379,30.41410971
34246315,100000,62.0,32.0,20.0,5,5,1,Святошинский,кирпич,50.45843256,30.3524744
34246318,98000,40.0,21.1,11.0,6,7,1,Соломенский,кирпич,50.39329451,30.47086152
34246317,58000,33.3,12.9,7.6,24,25,1,Оболонский,монолит,50.49865885,30.46698426
34246313,67000,36.0,19.0,8.0,4,4,1,Оболонский,панель,50.50842713,30.50536485
34246314,87000,35.6,18.8,9.0,2,4,1,Голосеевский,кирпич,50.39101247,30.46363276
34246312,85500,61.0,44.0,8.0,7,9,3,Днепровский,кирпич,50.43559544,30.59825324
34243398,100200,66.8,32.7,17.3,26,28,2,Шулявка,кирпич,50.45986241,30.45279571
34246357,110000,47.3,14.01,13.0,7,23,1,Соломянка,монолитно-каркасный,50.4283303,30.47787324
34246360,56000,42.4,18.0,8.5,11,16,1,Харьковский Массив,панель,50.4187023,30.64967585
34242114,240000,155.8,85.8,17.2,27,28,4,Позняки,монолитно-кирпичный,50.40826374,30.63511188
